STATION,STATION_NAME,ELEVATION,LATITUDE,LONGITUDE,DATE,PRCP,SNWD,SNOW,TAVG,TMAX,TMIN,TOBS,WESD,WESF,AWND,WDF2,WDF5,WSF2,WSF5,PGTM,WT09,WT01,WT06,WT02,WT08,WT03
GHCND:USC00060128,ANSONIA 1 NE CT US,41.5,41.3491,-73.0918,20160501,0.00,-9999,-9999,-9999,65,43,47,-9999,-9999,-9999,-9999,-9999,-9999,-9999,-9999,-9999,-9999,-9999,-9999,-9999,-9999
GHCND:USC00060128,ANSONIA 1 NE CT US,41.5,41.3491,-73.0918,20160502,0.00,-9999,-9999,-9999,48,40,43,-9999,-9999,-9999,-9999,-9999,-9999,-9999,-9999,-9999,-9999,-9999,-9999,-9999,-9999
GHCND:USC00060128,ANSONIA 1 NE CT US,41.5,41.3491,-73.0918,20160503,0.00,-9999,-9999,-9999,56,43,49,-9999,-9999,-9999,-9999,-9999,-9999,-9999,-9999,-9999,-9999,-9999,-9999,-9999,-9999
GHCND:USC00060128,ANSONIA 1 NE CT US,41.5,41.3491,-73.0918,20160504,0.00,-9999,-9999,-9999,53,47,47,-9999,-9999,-9999,-9999,-9999,-9999,-9999,-9999,-9999,-9999,-9999,-9999,-9999,-9999
GHCND:USC00060128,ANSONIA 1 NE CT US,41.5,41.3491,-73.0918,20160505,0.00,-9999,-9999,-9999,52,44,44,-9999,-9999,-9999,-9999,-9999,-9999,-9999,-9999,-9999,-9999,-9999,-9999,-9999,-9999
GHCND:USC00060128,ANSONIA 1 NE CT US,41.5,41.3491,-73.0918,20160506,0.00,-9999,-9999,-9999,53,41,47,-9999,-9999,-9999,-9999,-9999,-9999,-9999,-9999,-9999,-9999,-9999,-9999,-9999,-9999
GHCND:USC00060128,ANSONIA 1 NE CT US,41.5,41.3491,-73.0918,20160507,0.35,-9999,-9999,-9999,57,46,48,-9999,-9999,-9999,-9999,-9999,-9999,-9999,-9999,-9999,-9999,-9999,-9999,-9999,-9999
GHCND:USC00060128,ANSONIA 1 NE CT US,41.5,41.3491,-73.0918,20160508,0.22,-9999,-9999,-9999,51,46,47,-9999,-9999,-9999,-9999,-9999,-9999,-9999,-9999,-9999,-9999,-9999,-9999,-9999,-9999
GHCND:USC00060128,ANSONIA 1 NE CT US,41.5,41.3491,-73.0918,20160509,0.02,-9999,-9999,-9999,65,41,45,-9999,-9999,-9999,-9999,-9999,-9999,-9999,-9999,-9999,-9999,-9999,-9999,-9999,-9999
GHCND:USC00060128,ANSONIA 1 NE CT US,41.5,41.3491,-73.0918,20160510,0.00,-9999,-9999,-9999,71,38,38,-9999,-9999,-9999,-9999,-9999,-9999,-9999,-9999,-9999,-9999,-9999,-9999,-9999,-9999
GHCND:USC00060128,ANSONIA 1 NE CT US,41.5,41.3491,-73.0918,20160511,0.00,-9999,-9999,-9999,68,37,42,-9999,-9999,-9999,-9999,-9999,-9999,-9999,-9999,-9999,-9999,-9999,-9999,-9999,-9999
GHCND:USC00060128,ANSONIA 1 NE CT US,41.5,41.3491,-73.0918,20160512,0.00,-9999,-9999,-9999,75,42,45,-9999,-9999,-9999,-9999,-9999,-9999,-9999,-9999,-9999,-9999,-9999,-9999,-9999,-9999
GHCND:USC00060128,ANSONIA 1 NE CT US,41.5,41.3491,-73.0918,20160513,0.00,-9999,-9999,-9999,75,45,52,-9999,-9999,-9999,-9999,-9999,-9999,-9999,-9999,-9999,-9999,-9999,-9999,-9999,-9999
GHCND:USC00060128,ANSONIA 1 NE CT US,41.5,41.3491,-73.0918,20160514,0.28,-9999,-9999,-9999,60,48,59,-9999,-9999,-9999,-9999,-9999,-9999,-9999,-9999,-9999,-9999,-9999,-9999,-9999,-9999
GHCND:USC00060128,ANSONIA 1 NE CT US,41.5,41.3491,-73.0918,20160515,0.00,-9999,-9999,-9999,73,47,51,-9999,-9999,-9999,-9999,-9999,-9999,-9999,-9999,-9999,-9999,-9999,-9999,-9999,-9999
GHCND:USC00060128,ANSONIA 1 NE CT US,41.5,41.3491,-73.0918,20160601,0.00,-9999,-9999,-9999,84,56,59,-9999,-9999,-9999,-9999,-9999,-9999,-9999,-9999,-9999,-9999,-9999,-9999,-9999,-9999
GHCND:USC00060128,ANSONIA 1 NE CT US,41.5,41.3491,-73.0918,20160602,0.00,-9999,-9999,-9999,80,56,59,-9999,-9999,-9999,-9999,-9999,-9999,-9999,-9999,-9999,-9999,-9999,-9999,-9999,-9999
GHCND:USC00060128,ANSONIA 1 NE CT US,41.5,41.3491,-73.0918,20160603,0.00,-9999,-9999,-9999,72,58,59,-9999,-9999,-9999,-9999,-9999,-9999,-9999,-9999,-9999,-9999,-9999,-9999,-9999,-9999
GHCND:USC00060128,ANSONIA 1 NE CT US,41.5,41.3491,-73.0918,20160604,0.00,-9999,-9999,-9999,68,59,64,-9999,-9999,-9999,-9999,-9999,-9999,-9999,-9999,-9999,-9999,-9999,-9999,-9999,-9999
GHCND:USC00060128,ANSONIA 1 NE CT US,41.5,41.3491,-73.0918,20160605,0.02,-9999,-9999,-9999,64,63,64,-9999,-9999,-9999,-9999,-9999,-9999,-9999,-9999,-9999,-9999,-9999,-9999,-9999,-9999
GHCND:USC00060128,ANSONIA 1 NE CT US,41.5,41.3491,-73.0918,20160606,0.88,-9999,-9999,-9999,67,63,64,-9999,-9999,-9999,-9999,-9999,-9999,-9999,-9999,-9999,-9999,-9999,-9999,-9999,-9999
GHCND:USC00060128,ANSONIA 1 NE CT US,41.5,41.3491,-73.0918,20160607,0.00,-9999,-9999,-9999,87,63,64,-9999,-9999,-9999,-9999,-9999,-9999,-9999,-9999,-9999,-9999,-9999,-9999,-9999,-9999
GHCND:USC00060128,ANSONIA 1 NE CT US,41.5,41.3491,-73.0918,20160608,0.00,-9999,-9999,-9999,76,57,64,-9999,-9999,-9999,-9999,-9999,-9999,-9999,-9999,-9999,-9999,-9999,-9999,-9999,-9999
GHCND:USC00060128,ANSONIA 1 NE CT US,41.5,41.3491,-73.0918,20160609,0.00,-9999,-9999,-9999,67,53,57,-9999,-9999,-9999,-9999,-9999,-9999,-9999,-9999,-9999,-9999,-9999,-9999,-9999,-9999
GHCND:USC00060128,ANSONIA 1 NE CT US,41.5,41.3491,-73.0918,20160610,1.50,-9999,-9999,-9999,69,46,55,-9999,-9999,-9999,-9999,-9999,-9999,-9999,-9999,-9999,-9999,-9999,-9999,-9999,-9999
GHCND:USC00060128,ANSONIA 1 NE CT US,41.5,41.3491,-73.0918,20160611,0.00,-9999,-9999,-9999,74,45,57,-9999,-9999,-9999,-9999,-9999,-9999,-9999,-9999,-9999,-9999,-9999,-9999,-9999,-9999
GHCND:USC00060128,ANSONIA 1 NE CT US,41.5,41.3491,-73.0918,20160612,0.00,-9999,-9999,-9999,77,57,65,-9999,-9999,-9999,-9999,-9999,-9999,-9999,-9999,-9999,-9999,-9999,-9999,-9999,-9999
GHCND:USC00060128,ANSONIA 1 NE CT US,41.5,41.3491,-73.0918,20160613,0.00,-9999,-9999,-9999,65,53,55,-9999,-9999,-9999,-9999,-9999,-9999,-9999,-9999,-9999,-9999,-9999,-9999,-9999,-9999
GHCND:USC00060128,ANSONIA 1 NE CT US,41.5,41.3491,-73.0918,20160614,0.00,-9999,-9999,-9999,72,53,64,-9999,-9999,-9999,-9999,-9999,-9999,-9999,-9999,-9999,-9999,-9999,-9999,-9999,-9999
GHCND:USC00060128,ANSONIA 1 NE CT US,41.5,41.3491,-73.0918,20160615,0.00,-9999,-9999,-9999,78,54,63,-9999,-9999,-9999,-9999,-9999,-9999,-9999,-9999,-9999,-9999,-9999,-9999,-9999,-9999
GHCND:USC00060128,ANSONIA 1 NE CT US,41.5,41.3491,-73.0918,20160616,0.00,-9999,-9999,-9999,81,62,63,-9999,-9999,-9999,-9999,-9999,-9999,-9999,-9999,-9999,-9999,-9999,-9999,-9999,-9999
GHCND:USC00060128,ANSONIA 1 NE CT US,41.5,41.3491,-73.0918,20160617,0.00,-9999,-9999,-9999,84,62,64,-9999,-9999,-9999,-9999,-9999,-9999,-9999,-9999,-9999,-9999,-9999,-9999,-9999,-9999
GHCND:USC00060128,ANSONIA 1 NE CT US,41.5,41.3491,-73.0918,20160618,0.00,-9999,-9999,-9999,78,58,62,-9999,-9999,-9999,-9999,-9999,-9999,-9999,-9999,-9999,-9999,-9999,-9999,-9999,-9999
GHCND:USC00060128,ANSONIA 1 NE CT US,41.5,41.3491,-73.0918,20160619,0.00,-9999,-9999,-9999,81,62,66,-9999,-9999,-9999,-9999,-9999,-9999,-9999,-9999,-9999,-9999,-9999,-9999,-9999,-9999
GHCND:USC00060128,ANSONIA 1 NE CT US,41.5,41.3491,-73.0918,20160620,0.00,-9999,-9999,-9999,80,61,64,-9999,-9999,-9999,-9999,-9999,-9999,-9999,-9999,-9999,-9999,-9999,-9999,-9999,-9999
GHCND:USC00060128,ANSONIA 1 NE CT US,41.5,41.3491,-73.0918,20160621,0.00,-9999,-9999,-9999,81,61,65,-9999,-9999,-9999,-9999,-9999,-9999,-9999,-9999,-9999,-9999,-9999,-9999,-9999,-9999
GHCND:USC00060128,ANSONIA 1 NE CT US,41.5,41.3491,-73.0918,20160622,0.00,-9999,-9999,-9999,73,56,57,-9999,-9999,-9999,-9999,-9999,-9999,-9999,-9999,-9999,-9999,-9999,-9999,-9999,-9999
GHCND:USC00060128,ANSONIA 1 NE CT US,41.5,41.3491,-73.0918,20160623,0.00,-9999,-9999,-9999,81,56,58,-9999,-9999,-9999,-9999,-9999,-9999,-9999,-9999,-9999,-9999,-9999,-9999,-9999,-9999
GHCND:USC00060128,ANSONIA 1 NE CT US,41.5,41.3491,-73.0918,20160624,0.00,-9999,-9999,-9999,81,58,60,-9999,-9999,-9999,-9999,-9999,-9999,-9999,-9999,-9999,-9999,-9999,-9999,-9999,-9999
GHCND:USC00060128,ANSONIA 1 NE CT US,41.5,41.3491,-73.0918,20160625,0.00,-9999,-9999,-9999,83,60,67,-9999,-9999,-9999,-9999,-9999,-9999,-9999,-9999,-9999,-9999,-9999,-9999,-9999,-9999
GHCND:USC00060128,ANSONIA 1 NE CT US,41.5,41.3491,-73.0918,20160626,0.00,-9999,-9999,-9999,82,56,68,-9999,-9999,-9999,-9999,-9999,-9999,-9999,-9999,-9999,-9999,-9999,-9999,-9999,-9999
GHCND:USC00060128,ANSONIA 1 NE CT US,41.5,41.3491,-73.0918,20160627,0.00,-9999,-9999,-9999,83,57,58,-9999,-9999,-9999,-9999,-9999,-9999,-9999,-9999,-9999,-9999,-9999,-9999,-9999,-9999
GHCND:USC00060128,ANSONIA 1 NE CT US,41.5,41.3491,-73.0918,20160628,0.12,-9999,-9999,-9999,81,58,68,-9999,-9999,-9999,-9999,-9999,-9999,-9999,-9999,-9999,-9999,-9999,-9999,-9999,-9999
GHCND:USC00060128,ANSONIA 1 NE CT US,41.5,41.3491,-73.0918,20160629,0.11,-9999,-9999,-9999,72,68,68,-9999,-9999,-9999,-9999,-9999,-9999,-9999,-9999,-9999,-9999,-9999,-9999,-9999,-9999
GHCND:USC00060128,ANSONIA 1 NE CT US,41.5,41.3491,-73.0918,20160630,0.00,-9999,-9999,-9999,83,60,60,-9999,-9999,-9999,-9999,-9999,-9999,-9999,-9999,-9999,-9999,-9999,-9999,-9999,-9999
GHCND:USC00060128,ANSONIA 1 NE CT US,41.5,41.3491,-73.0918,20160701,0.00,0.0,0.0,-9999,83,60,67,-9999,-9999,-9999,-9999,-9999,-9999,-9999,-9999,-9999,-9999,-9999,-9999,-9999,-9999
GHCND:US1CTNH0014,PROSPECT 1.9 ENE CT US,98.8,41.5124,-72.9437,20160501,0.00,-9999,0.0,-9999,-9999,-9999,-9999,-9999,-9999,-9999,-9999,-9999,-9999,-9999,-9999,-9999,-9999,-9999,-9999,-9999,-9999
GHCND:US1CTNH0014,PROSPECT 1.9 ENE CT US,98.8,41.5124,-72.9437,20160502,0.17,-9999,-9999,-9999,-9999,-9999,-9999,-9999,-9999,-9999,-9999,-9999,-9999,-9999,-9999,-9999,-9999,-9999,-9999,-9999,-9999
GHCND:US1CTNH0014,PROSPECT 1.9 ENE CT US,98.8,41.5124,-72.9437,20160503,0.39,-9999,-9999,-9999,-9999,-9999,-9999,-9999,-9999,-9999,-9999,-9999,-9999,-9999,-9999,-9999,-9999,-9999,-9999,-9999,-9999
GHCND:US1CTNH0014,PROSPECT 1.9 ENE CT US,98.8,41.5124,-72.9437,20160504,0.31,-9999,-9999,-9999,-9999,-9999,-9999,-9999,-9999,-9999,-9999,-9999,-9999,-9999,-9999,-9999,-9999,-9999,-9999,-9999,-9999
GHCND:US1CTNH0014,PROSPECT 1.9 ENE CT US,98.8,41.5124,-72.9437,20160505,0.08,-9999,-9999,-9999,-9999,-9999,-9999,-9999,-9999,-9999,-9999,-9999,-9999,-9999,-9999,-9999,-9999,-9999,-9999,-9999,-9999
GHCND:US1CTNH0014,PROSPECT 1.9 ENE CT US,98.8,41.5124,-72.9437,20160506,0.16,-9999,-9999,-9999,-9999,-9999,-9999,-9999,-9999,-9999,-9999,-9999,-9999,-9999,-9999,-9999,-9999,-9999,-9999,-9999,-9999
GHCND:US1CTNH0014,PROSPECT 1.9 ENE CT US,98.8,41.5124,-72.9437,20160507,0.35,-9999,-9999,-9999,-9999,-9999,-9999,-9999,-9999,-9999,-9999,-9999,-9999,-9999,-9999,-9999,-9999,-9999,-9999,-9999,-9999
GHCND:US1CTNH0014,PROSPECT 1.9 ENE CT US,98.8,41.5124,-72.9437,20160508,0.36,-9999,-9999,-9999,-9999,-9999,-9999,-9999,-9999,-9999,-9999,-9999,-9999,-9999,-9999,-9999,-9999,-9999,-9999,-9999,-9999
GHCND:US1CTNH0014,PROSPECT 1.9 ENE CT US,98.8,41.5124,-72.9437,20160509,0.11,-9999,0.0,-9999,-9999,-9999,-9999,-9999,-9999,-9999,-9999,-9999,-9999,-9999,-9999,-9999,-9999,-9999,-9999,-9999,-9999
GHCND:US1CTNH0014,PROSPECT 1.9 ENE CT US,98.8,41.5124,-72.9437,20160510,0.00,-9999,0.0,-9999,-9999,-9999,-9999,-9999,-9999,-9999,-9999,-9999,-9999,-9999,-9999,-9999,-9999,-9999,-9999,-9999,-9999
GHCND:US1CTNH0014,PROSPECT 1.9 ENE CT US,98.8,41.5124,-72.9437,20160511,0.00,-9999,0.0,-9999,-9999,-9999,-9999,-9999,-9999,-9999,-9999,-9999,-9999,-9999,-9999,-9999,-9999,-9999,-9999,-9999,-9999
GHCND:US1CTNH0014,PROSPECT 1.9 ENE CT US,98.8,41.5124,-72.9437,20160512,0.00,-9999,0.0,-9999,-9999,-9999,-9999,-9999,-9999,-9999,-9999,-9999,-9999,-9999,-9999,-9999,-9999,-9999,-9999,-9999,-9999
GHCND:US1CTNH0014,PROSPECT 1.9 ENE CT US,98.8,41.5124,-72.9437,20160513,0.00,-9999,0.0,-9999,-9999,-9999,-9999,-9999,-9999,-9999,-9999,-9999,-9999,-9999,-9999,-9999,-9999,-9999,-9999,-9999,-9999
GHCND:US1CTNH0014,PROSPECT 1.9 ENE CT US,98.8,41.5124,-72.9437,20160514,0.26,-9999,-9999,-9999,-9999,-9999,-9999,-9999,-9999,-9999,-9999,-9999,-9999,-9999,-9999,-9999,-9999,-9999,-9999,-9999,-9999
GHCND:US1CTNH0014,PROSPECT 1.9 ENE CT US,98.8,41.5124,-72.9437,20160515,0.05,-9999,-9999,-9999,-9999,-9999,-9999,-9999,-9999,-9999,-9999,-9999,-9999,-9999,-9999,-9999,-9999,-9999,-9999,-9999,-9999
GHCND:US1CTNH0014,PROSPECT 1.9 ENE CT US,98.8,41.5124,-72.9437,20160516,0.00,-9999,0.0,-9999,-9999,-9999,-9999,-9999,-9999,-9999,-9999,-9999,-9999,-9999,-9999,-9999,-9999,-9999,-9999,-9999,-9999
GHCND:US1CTNH0014,PROSPECT 1.9 ENE CT US,98.8,41.5124,-72.9437,20160517,0.00,-9999,0.0,-9999,-9999,-9999,-9999,-9999,-9999,-9999,-9999,-9999,-9999,-9999,-9999,-9999,-9999,-9999,-9999,-9999,-9999
GHCND:US1CTNH0014,PROSPECT 1.9 ENE CT US,98.8,41.5124,-72.9437,20160518,0.00,-9999,0.0,-9999,-9999,-9999,-9999,-9999,-9999,-9999,-9999,-9999,-9999,-9999,-9999,-9999,-9999,-9999,-9999,-9999,-9999
GHCND:US1CTNH0014,PROSPECT 1.9 ENE CT US,98.8,41.5124,-72.9437,20160519,0.01,-9999,-9999,-9999,-9999,-9999,-9999,-9999,-9999,-9999,-9999,-9999,-9999,-9999,-9999,-9999,-9999,-9999,-9999,-9999,-9999
GHCND:US1CTNH0014,PROSPECT 1.9 ENE CT US,98.8,41.5124,-72.9437,20160520,0.01,-9999,-9999,-9999,-9999,-9999,-9999,-9999,-9999,-9999,-9999,-9999,-9999,-9999,-9999,-9999,-9999,-9999,-9999,-9999,-9999
GHCND:US1CTNH0014,PROSPECT 1.9 ENE CT US,98.8,41.5124,-72.9437,20160521,0.00,-9999,0.0,-9999,-9999,-9999,-9999,-9999,-9999,-9999,-9999,-9999,-9999,-9999,-9999,-9999,-9999,-9999,-9999,-9999,-9999
GHCND:US1CTNH0014,PROSPECT 1.9 ENE CT US,98.8,41.5124,-72.9437,20160522,0.07,-9999,-9999,-9999,-9999,-9999,-9999,-9999,-9999,-9999,-9999,-9999,-9999,-9999,-9999,-9999,-9999,-9999,-9999,-9999,-9999
GHCND:US1CTNH0014,PROSPECT 1.9 ENE CT US,98.8,41.5124,-72.9437,20160523,0.00,-9999,0.0,-9999,-9999,-9999,-9999,-9999,-9999,-9999,-9999,-9999,-9999,-9999,-9999,-9999,-9999,-9999,-9999,-9999,-9999
GHCND:US1CTNH0014,PROSPECT 1.9 ENE CT US,98.8,41.5124,-72.9437,20160524,0.36,-9999,-9999,-9999,-9999,-9999,-9999,-9999,-9999,-9999,-9999,-9999,-9999,-9999,-9999,-9999,-9999,-9999,-9999,-9999,-9999
GHCND:US1CTNH0014,PROSPECT 1.9 ENE CT US,98.8,41.5124,-72.9437,20160525,0.27,-9999,-9999,-9999,-9999,-9999,-9999,-9999,-9999,-9999,-9999,-9999,-9999,-9999,-9999,-9999,-9999,-9999,-9999,-9999,-9999
GHCND:US1CTNH0014,PROSPECT 1.9 ENE CT US,98.8,41.5124,-72.9437,20160526,0.00,-9999,0.0,-9999,-9999,-9999,-9999,-9999,-9999,-9999,-9999,-9999,-9999,-9999,-9999,-9999,-9999,-9999,-9999,-9999,-9999
GHCND:US1CTNH0014,PROSPECT 1.9 ENE CT US,98.8,41.5124,-72.9437,20160527,0.00,-9999,0.0,-9999,-9999,-9999,-9999,-9999,-9999,-9999,-9999,-9999,-9999,-9999,-9999,-9999,-9999,-9999,-9999,-9999,-9999
GHCND:US1CTNH0014,PROSPECT 1.9 ENE CT US,98.8,41.5124,-72.9437,20160528,0.00,-9999,0.0,-9999,-9999,-9999,-9999,-9999,-9999,-9999,-9999,-9999,-9999,-9999,-9999,-9999,-9999,-9999,-9999,-9999,-9999
GHCND:US1CTNH0014,PROSPECT 1.9 ENE CT US,98.8,41.5124,-72.9437,20160529,0.00,-9999,0.0,-9999,-9999,-9999,-9999,-9999,-9999,-9999,-9999,-9999,-9999,-9999,-9999,-9999,-9999,-9999,-9999,-9999,-9999
GHCND:US1CTNH0014,PROSPECT 1.9 ENE CT US,98.8,41.5124,-72.9437,20160530,0.78,-9999,-9999,-9999,-9999,-9999,-9999,-9999,-9999,-9999,-9999,-9999,-9999,-9999,-9999,-9999,-9999,-9999,-9999,-9999,-9999
GHCND:US1CTNH0014,PROSPECT 1.9 ENE CT US,98.8,41.5124,-72.9437,20160531,0.03,-9999,-9999,-9999,-9999,-9999,-9999,-9999,-9999,-9999,-9999,-9999,-9999,-9999,-9999,-9999,-9999,-9999,-9999,-9999,-9999
GHCND:US1CTNH0014,PROSPECT 1.9 ENE CT US,98.8,41.5124,-72.9437,20160601,0.00,-9999,0.0,-9999,-9999,-9999,-9999,-9999,-9999,-9999,-9999,-9999,-9999,-9999,-9999,-9999,-9999,-9999,-9999,-9999,-9999
GHCND:US1CTNH0014,PROSPECT 1.9 ENE CT US,98.8,41.5124,-72.9437,20160602,0.00,-9999,0.0,-9999,-9999,-9999,-9999,-9999,-9999,-9999,-9999,-9999,-9999,-9999,-9999,-9999,-9999,-9999,-9999,-9999,-9999
GHCND:US1CTNH0014,PROSPECT 1.9 ENE CT US,98.8,41.5124,-72.9437,20160603,0.00,-9999,0.0,-9999,-9999,-9999,-9999,-9999,-9999,-9999,-9999,-9999,-9999,-9999,-9999,-9999,-9999,-9999,-9999,-9999,-9999
GHCND:US1CTNH0014,PROSPECT 1.9 ENE CT US,98.8,41.5124,-72.9437,20160604,0.05,-9999,-9999,-9999,-9999,-9999,-9999,-9999,-9999,-9999,-9999,-9999,-9999,-9999,-9999,-9999,-9999,-9999,-9999,-9999,-9999
GHCND:US1CTNH0014,PROSPECT 1.9 ENE CT US,98.8,41.5124,-72.9437,20160605,0.04,-9999,-9999,-9999,-9999,-9999,-9999,-9999,-9999,-9999,-9999,-9999,-9999,-9999,-9999,-9999,-9999,-9999,-9999,-9999,-9999
GHCND:US1CTNH0014,PROSPECT 1.9 ENE CT US,98.8,41.5124,-72.9437,20160606,0.67,-9999,-9999,-9999,-9999,-9999,-9999,-9999,-9999,-9999,-9999,-9999,-9999,-9999,-9999,-9999,-9999,-9999,-9999,-9999,-9999
GHCND:US1CTNH0014,PROSPECT 1.9 ENE CT US,98.8,41.5124,-72.9437,20160607,0.00,-9999,0.0,-9999,-9999,-9999,-9999,-9999,-9999,-9999,-9999,-9999,-9999,-9999,-9999,-9999,-9999,-9999,-9999,-9999,-9999
GHCND:US1CTNH0014,PROSPECT 1.9 ENE CT US,98.8,41.5124,-72.9437,20160608,0.00,-9999,0.0,-9999,-9999,-9999,-9999,-9999,-9999,-9999,-9999,-9999,-9999,-9999,-9999,-9999,-9999,-9999,-9999,-9999,-9999
GHCND:US1CTNH0014,PROSPECT 1.9 ENE CT US,98.8,41.5124,-72.9437,20160609,0.00,-9999,0.0,-9999,-9999,-9999,-9999,-9999,-9999,-9999,-9999,-9999,-9999,-9999,-9999,-9999,-9999,-9999,-9999,-9999,-9999
GHCND:US1CTNH0014,PROSPECT 1.9 ENE CT US,98.8,41.5124,-72.9437,20160610,0.00,-9999,0.0,-9999,-9999,-9999,-9999,-9999,-9999,-9999,-9999,-9999,-9999,-9999,-9999,-9999,-9999,-9999,-9999,-9999,-9999
GHCND:US1CTNH0014,PROSPECT 1.9 ENE CT US,98.8,41.5124,-72.9437,20160611,0.00,-9999,0.0,-9999,-9999,-9999,-9999,-9999,-9999,-9999,-9999,-9999,-9999,-9999,-9999,-9999,-9999,-9999,-9999,-9999,-9999
GHCND:US1CTNH0014,PROSPECT 1.9 ENE CT US,98.8,41.5124,-72.9437,20160612,0.24,-9999,-9999,-9999,-9999,-9999,-9999,-9999,-9999,-9999,-9999,-9999,-9999,-9999,-9999,-9999,-9999,-9999,-9999,-9999,-9999
GHCND:US1CTNH0014,PROSPECT 1.9 ENE CT US,98.8,41.5124,-72.9437,20160613,0.00,-9999,0.0,-9999,-9999,-9999,-9999,-9999,-9999,-9999,-9999,-9999,-9999,-9999,-9999,-9999,-9999,-9999,-9999,-9999,-9999
GHCND:US1CTNH0014,PROSPECT 1.9 ENE CT US,98.8,41.5124,-72.9437,20160614,0.00,-9999,0.0,-9999,-9999,-9999,-9999,-9999,-9999,-9999,-9999,-9999,-9999,-9999,-9999,-9999,-9999,-9999,-9999,-9999,-9999
GHCND:US1CTNH0014,PROSPECT 1.9 ENE CT US,98.8,41.5124,-72.9437,20160615,0.00,-9999,0.0,-9999,-9999,-9999,-9999,-9999,-9999,-9999,-9999,-9999,-9999,-9999,-9999,-9999,-9999,-9999,-9999,-9999,-9999
GHCND:US1CTNH0014,PROSPECT 1.9 ENE CT US,98.8,41.5124,-72.9437,20160616,0.00,-9999,0.0,-9999,-9999,-9999,-9999,-9999,-9999,-9999,-9999,-9999,-9999,-9999,-9999,-9999,-9999,-9999,-9999,-9999,-9999
GHCND:US1CTNH0014,PROSPECT 1.9 ENE CT US,98.8,41.5124,-72.9437,20160617,0.05,-9999,-9999,-9999,-9999,-9999,-9999,-9999,-9999,-9999,-9999,-9999,-9999,-9999,-9999,-9999,-9999,-9999,-9999,-9999,-9999
GHCND:US1CTNH0014,PROSPECT 1.9 ENE CT US,98.8,41.5124,-72.9437,20160618,0.00,-9999,0.0,-9999,-9999,-9999,-9999,-9999,-9999,-9999,-9999,-9999,-9999,-9999,-9999,-9999,-9999,-9999,-9999,-9999,-9999
GHCND:US1CTNH0014,PROSPECT 1.9 ENE CT US,98.8,41.5124,-72.9437,20160619,0.00,-9999,0.0,-9999,-9999,-9999,-9999,-9999,-9999,-9999,-9999,-9999,-9999,-9999,-9999,-9999,-9999,-9999,-9999,-9999,-9999
GHCND:US1CTNH0014,PROSPECT 1.9 ENE CT US,98.8,41.5124,-72.9437,20160620,0.00,-9999,0.0,-9999,-9999,-9999,-9999,-9999,-9999,-9999,-9999,-9999,-9999,-9999,-9999,-9999,-9999,-9999,-9999,-9999,-9999
GHCND:US1CTNH0014,PROSPECT 1.9 ENE CT US,98.8,41.5124,-72.9437,20160621,0.00,-9999,0.0,-9999,-9999,-9999,-9999,-9999,-9999,-9999,-9999,-9999,-9999,-9999,-9999,-9999,-9999,-9999,-9999,-9999,-9999
GHCND:US1CTNH0014,PROSPECT 1.9 ENE CT US,98.8,41.5124,-72.9437,20160622,0.00,-9999,0.0,-9999,-9999,-9999,-9999,-9999,-9999,-9999,-9999,-9999,-9999,-9999,-9999,-9999,-9999,-9999,-9999,-9999,-9999
GHCND:US1CTNH0014,PROSPECT 1.9 ENE CT US,98.8,41.5124,-72.9437,20160623,0.00,-9999,0.0,-9999,-9999,-9999,-9999,-9999,-9999,-9999,-9999,-9999,-9999,-9999,-9999,-9999,-9999,-9999,-9999,-9999,-9999
GHCND:US1CTNH0014,PROSPECT 1.9 ENE CT US,98.8,41.5124,-72.9437,20160624,0.00,-9999,0.0,-9999,-9999,-9999,-9999,-9999,-9999,-9999,-9999,-9999,-9999,-9999,-9999,-9999,-9999,-9999,-9999,-9999,-9999
GHCND:US1CTNH0014,PROSPECT 1.9 ENE CT US,98.8,41.5124,-72.9437,20160625,0.00,-9999,0.0,-9999,-9999,-9999,-9999,-9999,-9999,-9999,-9999,-9999,-9999,-9999,-9999,-9999,-9999,-9999,-9999,-9999,-9999
GHCND:US1CTNH0014,PROSPECT 1.9 ENE CT US,98.8,41.5124,-72.9437,20160626,0.00,-9999,0.0,-9999,-9999,-9999,-9999,-9999,-9999,-9999,-9999,-9999,-9999,-9999,-9999,-9999,-9999,-9999,-9999,-9999,-9999
GHCND:US1CTNH0014,PROSPECT 1.9 ENE CT US,98.8,41.5124,-72.9437,20160627,0.00,-9999,0.0,-9999,-9999,-9999,-9999,-9999,-9999,-9999,-9999,-9999,-9999,-9999,-9999,-9999,-9999,-9999,-9999,-9999,-9999
GHCND:US1CTNH0014,PROSPECT 1.9 ENE CT US,98.8,41.5124,-72.9437,20160628,0.11,-9999,-9999,-9999,-9999,-9999,-9999,-9999,-9999,-9999,-9999,-9999,-9999,-9999,-9999,-9999,-9999,-9999,-9999,-9999,-9999
GHCND:US1CTNH0014,PROSPECT 1.9 ENE CT US,98.8,41.5124,-72.9437,20160629,0.03,-9999,-9999,-9999,-9999,-9999,-9999,-9999,-9999,-9999,-9999,-9999,-9999,-9999,-9999,-9999,-9999,-9999,-9999,-9999,-9999
GHCND:US1CTNH0014,PROSPECT 1.9 ENE CT US,98.8,41.5124,-72.9437,20160630,0.00,-9999,0.0,-9999,-9999,-9999,-9999,-9999,-9999,-9999,-9999,-9999,-9999,-9999,-9999,-9999,-9999,-9999,-9999,-9999,-9999
GHCND:US1CTNH0014,PROSPECT 1.9 ENE CT US,98.8,41.5124,-72.9437,20160701,0.00,-9999,0.0,-9999,-9999,-9999,-9999,-9999,-9999,-9999,-9999,-9999,-9999,-9999,-9999,-9999,-9999,-9999,-9999,-9999,-9999
GHCND:USW00014758,NEW HAVEN TWEED AIRPORT CT US,0.9,41.26389,-72.88722,20160501,0.08,-9999,-9999,-9999,50,41,-9999,-9999,-9999,6.5,60,100,14.1,18.1,1442,-9999,-9999,-9999,-9999,-9999,-9999
GHCND:USW00014758,NEW HAVEN TWEED AIRPORT CT US,0.9,41.26389,-72.88722,20160502,0.00,-9999,-9999,-9999,55,43,-9999,-9999,-9999,4.7,10,250,13.0,15.0,1009,-9999,-9999,-9999,-9999,-9999,-9999
GHCND:USW00014758,NEW HAVEN TWEED AIRPORT CT US,0.9,41.26389,-72.88722,20160503,0.42,-9999,-9999,-9999,53,49,-9999,-9999,-9999,4.9,100,120,10.1,14.1,1349,-9999,-9999,-9999,-9999,-9999,-9999
GHCND:USW00014758,NEW HAVEN TWEED AIRPORT CT US,0.9,41.26389,-72.88722,20160504,0.10,-9999,-9999,-9999,53,46,-9999,-9999,-9999,7.6,10,40,16.1,21.0,1757,-9999,-9999,-9999,-9999,-9999,-9999
GHCND:USW00014758,NEW HAVEN TWEED AIRPORT CT US,0.9,41.26389,-72.88722,20160505,0.00,-9999,-9999,-9999,54,45,-9999,-9999,-9999,13.9,20,30,23.9,31.1,1418,-9999,-9999,-9999,-9999,-9999,-9999
GHCND:USW00014758,NEW HAVEN TWEED AIRPORT CT US,0.9,41.26389,-72.88722,20160506,0.42,-9999,-9999,-9999,58,47,-9999,-9999,-9999,10.1,100,100,21.0,30.0,1316,-9999,-9999,-9999,-9999,-9999,-9999
GHCND:USW00014758,NEW HAVEN TWEED AIRPORT CT US,0.9,41.26389,-72.88722,20160507,0.47,-9999,-9999,-9999,54,48,-9999,-9999,-9999,5.4,20,20,14.1,16.1,849,-9999,-9999,-9999,-9999,-9999,-9999
GHCND:USW00014758,NEW HAVEN TWEED AIRPORT CT US,0.9,41.26389,-72.88722,20160508,0.10,-9999,-9999,-9999,65,47,-9999,-9999,-9999,7.6,320,300,21.9,33.1,1513,-9999,-9999,-9999,-9999,-9999,-9999
GHCND:USW00014758,NEW HAVEN TWEED AIRPORT CT US,0.9,41.26389,-72.88722,20160509,0.00,-9999,-9999,-9999,70,49,-9999,-9999,-9999,7.6,360,360,18.1,23.0,2025,-9999,-9999,-9999,-9999,-9999,-9999
GHCND:USW00014758,NEW HAVEN TWEED AIRPORT CT US,0.9,41.26389,-72.88722,20160510,0.00,-9999,-9999,-9999,62,38,-9999,-9999,-9999,5.8,220,230,15.0,21.9,1700,-9999,-9999,-9999,-9999,-9999,-9999
GHCND:USW00014758,NEW HAVEN TWEED AIRPORT CT US,0.9,41.26389,-72.88722,20160511,0.00,-9999,-9999,-9999,70,39,-9999,-9999,-9999,4.7,180,200,14.1,18.1,1522,-9999,-9999,-9999,-9999,-9999,-9999
GHCND:USW00014758,NEW HAVEN TWEED AIRPORT CT US,0.9,41.26389,-72.88722,20160512,0.00,-9999,-9999,-9999,72,45,-9999,-9999,-9999,6.0,110,110,15.0,19.9,1031,-9999,-9999,-9999,-9999,-9999,-9999
GHCND:USW00014758,NEW HAVEN TWEED AIRPORT CT US,0.9,41.26389,-72.88722,20160513,0.12,-9999,-9999,-9999,65,49,-9999,-9999,-9999,3.6,170,120,10.1,13.0,1224,-9999,-9999,-9999,-9999,-9999,-9999
GHCND:USW00014758,NEW HAVEN TWEED AIRPORT CT US,0.9,41.26389,-72.88722,20160514,0.03,-9999,-9999,-9999,70,51,-9999,-9999,-9999,6.0,230,240,16.1,27.1,1911,-9999,-9999,-9999,-9999,-9999,-9999
GHCND:USW00014758,NEW HAVEN TWEED AIRPORT CT US,0.9,41.26389,-72.88722,20160515,0.00,-9999,-9999,-9999,58,46,-9999,-9999,-9999,11.0,310,300,18.1,32.0,1636,-9999,-9999,-9999,-9999,-9999,-9999
GHCND:USW00014758,NEW HAVEN TWEED AIRPORT CT US,0.9,41.26389,-72.88722,20160516,0.00,-9999,-9999,-9999,64,43,-9999,-9999,-9999,9.4,310,320,21.9,35.1,1539,-9999,-9999,-9999,-9999,-9999,-9999
GHCND:USW00014758,NEW HAVEN TWEED AIRPORT CT US,0.9,41.26389,-72.88722,20160517,0.00,-9999,-9999,-9999,64,44,-9999,-9999,-9999,6.7,210,220,15.0,21.9,1603,-9999,-9999,-9999,-9999,-9999,-9999
GHCND:USW00014758,NEW HAVEN TWEED AIRPORT CT US,0.9,41.26389,-72.88722,20160518,0.00,-9999,-9999,-9999,65,45,-9999,-9999,-9999,6.9,20,360,16.1,21.0,709,-9999,-9999,-9999,-9999,-9999,-9999
GHCND:USW00014758,NEW HAVEN TWEED AIRPORT CT US,0.9,41.26389,-72.88722,20160519,0.00,-9999,-9999,-9999,65,48,-9999,-9999,-9999,3.8,150,150,13.0,16.1,1511,-9999,-9999,-9999,-9999,-9999,-9999
GHCND:USW00014758,NEW HAVEN TWEED AIRPORT CT US,0.9,41.26389,-72.88722,20160520,0.00,-9999,-9999,-9999,71,43,-9999,-9999,-9999,5.1,190,200,14.1,18.1,1721,-9999,-9999,-9999,-9999,-9999,-9999
GHCND:USW00014758,NEW HAVEN TWEED AIRPORT CT US,0.9,41.26389,-72.88722,20160521,0.00,-9999,-9999,-9999,63,46,-9999,-9999,-9999,4.0,150,130,12.1,19.9,1316,-9999,-9999,-9999,-9999,-9999,-9999
GHCND:USW00014758,NEW HAVEN TWEED AIRPORT CT US,0.9,41.26389,-72.88722,20160522,0.00,-9999,-9999,-9999,72,53,-9999,-9999,-9999,5.8,20,360,16.1,19.9,1202,-9999,-9999,-9999,-9999,-9999,-9999
GHCND:USW00014758,NEW HAVEN TWEED AIRPORT CT US,0.9,41.26389,-72.88722,20160523,0.06,-9999,-9999,-9999,72,48,-9999,-9999,-9999,4.3,170,170,14.1,18.1,1201,-9999,-9999,-9999,-9999,-9999,-9999
GHCND:USW00014758,NEW HAVEN TWEED AIRPORT CT US,0.9,41.26389,-72.88722,20160524,0.37,-9999,-9999,-9999,68,53,-9999,-9999,-9999,5.1,10,10,16.1,21.0,1308,-9999,-9999,-9999,-9999,-9999,-9999
GHCND:USW00014758,NEW HAVEN TWEED AIRPORT CT US,0.9,41.26389,-72.88722,20160525,0.00,-9999,-9999,-9999,80,49,-9999,-9999,-9999,4.3,210,220,15.0,23.9,1423,-9999,-9999,-9999,-9999,-9999,-9999
GHCND:USW00014758,NEW HAVEN TWEED AIRPORT CT US,0.9,41.26389,-72.88722,20160526,0.00,-9999,-9999,-9999,87,57,-9999,-9999,-9999,3.1,130,140,12.1,14.1,1426,-9999,-9999,-9999,-9999,-9999,-9999
GHCND:USW00014758,NEW HAVEN TWEED AIRPORT CT US,0.9,41.26389,-72.88722,20160527,0.00,-9999,-9999,-9999,78,60,-9999,-9999,-9999,4.7,110,120,13.0,16.1,1418,-9999,-9999,-9999,-9999,-9999,-9999
GHCND:USW00014758,NEW HAVEN TWEED AIRPORT CT US,0.9,41.26389,-72.88722,20160528,0.00,-9999,-9999,-9999,82,63,-9999,-9999,-9999,6.5,200,210,13.0,19.0,1604,-9999,-9999,-9999,-9999,-9999,-9999
GHCND:USW00014758,NEW HAVEN TWEED AIRPORT CT US,0.9,41.26389,-72.88722,20160529,0.00,-9999,-9999,-9999,82,63,-9999,-9999,-9999,6.9,180,180,13.0,18.1,1445,-9999,-9999,-9999,-9999,-9999,-9999
GHCND:USW00014758,NEW HAVEN TWEED AIRPORT CT US,0.9,41.26389,-72.88722,20160530,1.48,-9999,-9999,-9999,74,63,-9999,-9999,-9999,4.9,160,150,12.1,14.1,1442,-9999,-9999,-9999,-9999,-9999,-9999
GHCND:USW00014758,NEW HAVEN TWEED AIRPORT CT US,0.9,41.26389,-72.88722,20160531,0.00,-9999,-9999,-9999,79,63,-9999,-9999,-9999,4.3,200,180,13.0,16.1,1246,-9999,-9999,-9999,-9999,-9999,-9999
GHCND:USW00014758,NEW HAVEN TWEED AIRPORT CT US,0.9,41.26389,-72.88722,20160601,0.00,-9999,-9999,-9999,80,58,-9999,-9999,-9999,7.8,110,100,18.1,23.9,1525,-9999,-9999,-9999,-9999,-9999,-9999
GHCND:USW00014758,NEW HAVEN TWEED AIRPORT CT US,0.9,41.26389,-72.88722,20160602,0.00,-9999,-9999,-9999,68,57,-9999,-9999,-9999,9.2,100,100,18.1,25.1,1209,-9999,-9999,-9999,-9999,-9999,-9999
GHCND:USW00014758,NEW HAVEN TWEED AIRPORT CT US,0.9,41.26389,-72.88722,20160603,0.03,-9999,-9999,-9999,69,60,-9999,-9999,-9999,5.1,170,110,8.9,12.1,847,-9999,-9999,-9999,-9999,-9999,-9999
GHCND:USW00014758,NEW HAVEN TWEED AIRPORT CT US,0.9,41.26389,-72.88722,20160604,0.00,-9999,-9999,-9999,79,63,-9999,-9999,-9999,5.6,210,210,10.1,14.1,1158,-9999,-9999,-9999,-9999,-9999,-9999
GHCND:USW00014758,NEW HAVEN TWEED AIRPORT CT US,0.9,41.26389,-72.88722,20160605,0.81,-9999,-9999,-9999,67,62,-9999,-9999,-9999,7.6,110,100,18.1,23.9,1324,-9999,-9999,-9999,-9999,-9999,-9999
GHCND:USW00014758,NEW HAVEN TWEED AIRPORT CT US,0.9,41.26389,-72.88722,20160606,0.00,-9999,-9999,-9999,80,64,-9999,-9999,-9999,7.4,210,210,15.0,21.9,1127,-9999,-9999,-9999,-9999,-9999,-9999
GHCND:USW00014758,NEW HAVEN TWEED AIRPORT CT US,0.9,41.26389,-72.88722,20160607,0.00,-9999,-9999,-9999,81,63,-9999,-9999,-9999,6.5,320,250,14.1,23.0,1738,-9999,-9999,-9999,-9999,-9999,-9999
GHCND:USW00014758,NEW HAVEN TWEED AIRPORT CT US,0.9,41.26389,-72.88722,20160608,0.00,-9999,-9999,-9999,67,57,-9999,-9999,-9999,8.5,340,340,21.9,29.1,1335,-9999,-9999,-9999,-9999,-9999,-9999
GHCND:USW00014758,NEW HAVEN TWEED AIRPORT CT US,0.9,41.26389,-72.88722,20160609,0.00,-9999,-9999,-9999,70,55,-9999,-9999,-9999,9.6,320,280,17.0,27.1,1517,-9999,-9999,-9999,-9999,-9999,-9999
GHCND:USW00014758,NEW HAVEN TWEED AIRPORT CT US,0.9,41.26389,-72.88722,20160610,0.00,-9999,-9999,-9999,75,51,-9999,-9999,-9999,6.9,320,330,18.1,25.9,931,-9999,-9999,-9999,-9999,-9999,-9999
GHCND:USW00014758,NEW HAVEN TWEED AIRPORT CT US,0.9,41.26389,-72.88722,20160611,0.10,-9999,-9999,-9999,72,47,-9999,-9999,-9999,2.9,100,110,8.9,12.1,1105,-9999,-9999,-9999,-9999,-9999,-9999
GHCND:USW00014758,NEW HAVEN TWEED AIRPORT CT US,0.9,41.26389,-72.88722,20160612,0.00,-9999,-9999,-9999,80,58,-9999,-9999,-9999,9.6,320,330,21.9,33.1,1953,-9999,-9999,-9999,-9999,-9999,-9999
GHCND:USW00014758,NEW HAVEN TWEED AIRPORT CT US,0.9,41.26389,-72.88722,20160613,0.00,-9999,-9999,-9999,73,54,-9999,-9999,-9999,11.0,330,340,21.0,31.1,531,-9999,-9999,-9999,-9999,-9999,-9999
GHCND:USW00014758,NEW HAVEN TWEED AIRPORT CT US,0.9,41.26389,-72.88722,20160614,0.00,-9999,-9999,-9999,79,55,-9999,-9999,-9999,8.3,330,330,16.1,25.9,1051,-9999,-9999,-9999,-9999,-9999,-9999
GHCND:USW00014758,NEW HAVEN TWEED AIRPORT CT US,0.9,41.26389,-72.88722,20160615,0.00,-9999,-9999,-9999,78,53,-9999,-9999,-9999,5.6,210,210,14.1,19.9,1315,-9999,-9999,-9999,-9999,-9999,-9999
GHCND:USW00014758,NEW HAVEN TWEED AIRPORT CT US,0.9,41.26389,-72.88722,20160616,0.00,-9999,-9999,-9999,76,59,-9999,-9999,-9999,2.2,180,350,10.1,19.0,625,-9999,-9999,-9999,-9999,-9999,-9999
GHCND:USW00014758,NEW HAVEN TWEED AIRPORT CT US,0.9,41.26389,-72.88722,20160617,0.00,-9999,-9999,-9999,75,59,-9999,-9999,-9999,6.7,110,80,15.0,19.0,940,-9999,-9999,-9999,-9999,-9999,-9999
GHCND:USW00014758,NEW HAVEN TWEED AIRPORT CT US,0.9,41.26389,-72.88722,20160618,0.00,-9999,-9999,-9999,81,52,-9999,-9999,-9999,4.0,130,110,14.1,21.9,1628,-9999,-9999,-9999,-9999,-9999,-9999
GHCND:USW00014758,NEW HAVEN TWEED AIRPORT CT US,0.9,41.26389,-72.88722,20160619,0.00,-9999,-9999,-9999,77,56,-9999,-9999,-9999,7.2,120,140,16.1,21.0,1203,-9999,-9999,-9999,-9999,-9999,-9999
GHCND:USW00014758,NEW HAVEN TWEED AIRPORT CT US,0.9,41.26389,-72.88722,20160620,0.00,-9999,-9999,-9999,78,59,-9999,-9999,-9999,5.8,170,180,14.1,17.0,1514,-9999,-9999,-9999,-9999,-9999,-9999
GHCND:USW00014758,NEW HAVEN TWEED AIRPORT CT US,0.9,41.26389,-72.88722,20160621,0.03,-9999,-9999,-9999,84,63,-9999,-9999,-9999,4.3,210,200,14.1,19.9,1348,-9999,-9999,-9999,-9999,-9999,-9999
GHCND:USW00014758,NEW HAVEN TWEED AIRPORT CT US,0.9,41.26389,-72.88722,20160622,0.00,-9999,-9999,-9999,83,56,-9999,-9999,-9999,4.3,340,310,16.1,25.1,1422,-9999,-9999,-9999,-9999,-9999,-9999
GHCND:USW00014758,NEW HAVEN TWEED AIRPORT CT US,0.9,41.26389,-72.88722,20160623,0.00,-9999,-9999,-9999,79,57,-9999,-9999,-9999,4.0,100,100,15.0,18.1,1105,-9999,-9999,-9999,-9999,-9999,-9999
GHCND:USW00014758,NEW HAVEN TWEED AIRPORT CT US,0.9,41.26389,-72.88722,20160624,0.00,-9999,-9999,-9999,81,58,-9999,-9999,-9999,7.2,140,50,16.1,23.9,537,-9999,-9999,-9999,-9999,-9999,-9999
GHCND:USW00014758,NEW HAVEN TWEED AIRPORT CT US,0.9,41.26389,-72.88722,20160625,0.00,-9999,-9999,-9999,79,56,-9999,-9999,-9999,6.3,160,160,13.0,16.1,1256,-9999,-9999,-9999,-9999,-9999,-9999
GHCND:USW00014758,NEW HAVEN TWEED AIRPORT CT US,0.9,41.26389,-72.88722,20160626,0.00,-9999,-9999,-9999,80,57,-9999,-9999,-9999,5.4,160,210,13.0,19.9,1729,-9999,-9999,-9999,-9999,-9999,-9999
GHCND:USW00014758,NEW HAVEN TWEED AIRPORT CT US,0.9,41.26389,-72.88722,20160627,0.02,-9999,-9999,-9999,79,65,-9999,-9999,-9999,7.6,170,170,18.1,21.9,1249,-9999,-9999,-9999,-9999,-9999,-9999
GHCND:USW00014758,NEW HAVEN TWEED AIRPORT CT US,0.9,41.26389,-72.88722,20160628,0.07,-9999,-9999,-9999,73,68,-9999,-9999,-9999,7.4,180,200,12.1,17.0,720,-9999,-9999,-9999,-9999,-9999,-9999
GHCND:USW00014758,NEW HAVEN TWEED AIRPORT CT US,0.9,41.26389,-72.88722,20160629,0.00,-9999,-9999,-9999,81,67,-9999,-9999,-9999,5.1,210,210,13.0,18.1,1451,-9999,-9999,-9999,-9999,-9999,-9999
GHCND:USW00014758,NEW HAVEN TWEED AIRPORT CT US,0.9,41.26389,-72.88722,20160630,0.00,-9999,-9999,-9999,81,66,-9999,-9999,-9999,6.7,190,240,15.0,21.0,1351,-9999,-9999,-9999,-9999,-9999,-9999
GHCND:USW00014758,NEW HAVEN TWEED AIRPORT CT US,0.9,41.26389,-72.88722,20160701,0.07,-9999,-9999,-9999,79,63,-9999,-9999,-9999,5.8,180,220,16.1,23.0,1855,-9999,-9999,-9999,-9999,-9999,-9999
GHCND:US1CTNH0015,SEYMOUR 3.6 SW CT US,163.1,41.363,-73.128,20160628,0.06,-9999,-9999,-9999,-9999,-9999,-9999,-9999,-9999,-9999,-9999,-9999,-9999,-9999,-9999,-9999,-9999,-9999,-9999,-9999,-9999
GHCND:US1CTNH0015,SEYMOUR 3.6 SW CT US,163.1,41.363,-73.128,20160629,0.08,-9999,-9999,-9999,-9999,-9999,-9999,-9999,-9999,-9999,-9999,-9999,-9999,-9999,-9999,-9999,-9999,-9999,-9999,-9999,-9999
GHCND:US1CTNH0015,SEYMOUR 3.6 SW CT US,163.1,41.363,-73.128,20160630,0.00,-9999,0.0,-9999,-9999,-9999,-9999,-9999,-9999,-9999,-9999,-9999,-9999,-9999,-9999,-9999,-9999,-9999,-9999,-9999,-9999
GHCND:US1CTNH0015,SEYMOUR 3.6 SW CT US,163.1,41.363,-73.128,20160701,0.00,-9999,0.0,-9999,-9999,-9999,-9999,-9999,-9999,-9999,-9999,-9999,-9999,-9999,-9999,-9999,-9999,-9999,-9999,-9999,-9999
GHCND:US1CTNH0016,MILFORD 1.8 E CT US,2.1,41.2242,-73.0274,20160501,0.00,-9999,0.0,-9999,-9999,-9999,-9999,-9999,-9999,-9999,-9999,-9999,-9999,-9999,-9999,-9999,-9999,-9999,-9999,-9999,-9999
GHCND:US1CTNH0016,MILFORD 1.8 E CT US,2.1,41.2242,-73.0274,20160502,0.22,-9999,-9999,-9999,-9999,-9999,-9999,-9999,-9999,-9999,-9999,-9999,-9999,-9999,-9999,-9999,-9999,-9999,-9999,-9999,-9999
GHCND:US1CTNH0016,MILFORD 1.8 E CT US,2.1,41.2242,-73.0274,20160503,0.49,-9999,-9999,-9999,-9999,-9999,-9999,-9999,-9999,-9999,-9999,-9999,-9999,-9999,-9999,-9999,-9999,-9999,-9999,-9999,-9999
GHCND:US1CTNH0016,MILFORD 1.8 E CT US,2.1,41.2242,-73.0274,20160504,0.18,-9999,-9999,-9999,-9999,-9999,-9999,-9999,-9999,-9999,-9999,-9999,-9999,-9999,-9999,-9999,-9999,-9999,-9999,-9999,-9999
GHCND:US1CTNH0016,MILFORD 1.8 E CT US,2.1,41.2242,-73.0274,20160505,0.18,-9999,-9999,-9999,-9999,-9999,-9999,-9999,-9999,-9999,-9999,-9999,-9999,-9999,-9999,-9999,-9999,-9999,-9999,-9999,-9999
GHCND:US1CTNH0016,MILFORD 1.8 E CT US,2.1,41.2242,-73.0274,20160506,0.46,-9999,-9999,-9999,-9999,-9999,-9999,-9999,-9999,-9999,-9999,-9999,-9999,-9999,-9999,-9999,-9999,-9999,-9999,-9999,-9999
GHCND:US1CTNH0016,MILFORD 1.8 E CT US,2.1,41.2242,-73.0274,20160507,0.18,-9999,-9999,-9999,-9999,-9999,-9999,-9999,-9999,-9999,-9999,-9999,-9999,-9999,-9999,-9999,-9999,-9999,-9999,-9999,-9999
GHCND:US1CTNH0016,MILFORD 1.8 E CT US,2.1,41.2242,-73.0274,20160508,0.16,-9999,-9999,-9999,-9999,-9999,-9999,-9999,-9999,-9999,-9999,-9999,-9999,-9999,-9999,-9999,-9999,-9999,-9999,-9999,-9999
GHCND:US1CTNH0016,MILFORD 1.8 E CT US,2.1,41.2242,-73.0274,20160509,0.19,-9999,-9999,-9999,-9999,-9999,-9999,-9999,-9999,-9999,-9999,-9999,-9999,-9999,-9999,-9999,-9999,-9999,-9999,-9999,-9999
GHCND:US1CTNH0016,MILFORD 1.8 E CT US,2.1,41.2242,-73.0274,20160510,0.00,-9999,0.0,-9999,-9999,-9999,-9999,-9999,-9999,-9999,-9999,-9999,-9999,-9999,-9999,-9999,-9999,-9999,-9999,-9999,-9999
GHCND:US1CTNH0016,MILFORD 1.8 E CT US,2.1,41.2242,-73.0274,20160511,0.00,-9999,0.0,-9999,-9999,-9999,-9999,-9999,-9999,-9999,-9999,-9999,-9999,-9999,-9999,-9999,-9999,-9999,-9999,-9999,-9999
GHCND:US1CTNH0016,MILFORD 1.8 E CT US,2.1,41.2242,-73.0274,20160512,0.00,-9999,0.0,-9999,-9999,-9999,-9999,-9999,-9999,-9999,-9999,-9999,-9999,-9999,-9999,-9999,-9999,-9999,-9999,-9999,-9999
GHCND:US1CTNH0016,MILFORD 1.8 E CT US,2.1,41.2242,-73.0274,20160513,0.00,-9999,0.0,-9999,-9999,-9999,-9999,-9999,-9999,-9999,-9999,-9999,-9999,-9999,-9999,-9999,-9999,-9999,-9999,-9999,-9999
GHCND:US1CTNH0016,MILFORD 1.8 E CT US,2.1,41.2242,-73.0274,20160514,0.27,-9999,-9999,-9999,-9999,-9999,-9999,-9999,-9999,-9999,-9999,-9999,-9999,-9999,-9999,-9999,-9999,-9999,-9999,-9999,-9999
GHCND:US1CTNH0016,MILFORD 1.8 E CT US,2.1,41.2242,-73.0274,20160515,0.08,-9999,-9999,-9999,-9999,-9999,-9999,-9999,-9999,-9999,-9999,-9999,-9999,-9999,-9999,-9999,-9999,-9999,-9999,-9999,-9999
GHCND:US1CTNH0016,MILFORD 1.8 E CT US,2.1,41.2242,-73.0274,20160516,0.00,-9999,0.0,-9999,-9999,-9999,-9999,-9999,-9999,-9999,-9999,-9999,-9999,-9999,-9999,-9999,-9999,-9999,-9999,-9999,-9999
GHCND:US1CTNH0016,MILFORD 1.8 E CT US,2.1,41.2242,-73.0274,20160517,0.00,-9999,0.0,-9999,-9999,-9999,-9999,-9999,-9999,-9999,-9999,-9999,-9999,-9999,-9999,-9999,-9999,-9999,-9999,-9999,-9999
GHCND:US1CTNH0016,MILFORD 1.8 E CT US,2.1,41.2242,-73.0274,20160518,0.00,-9999,0.0,-9999,-9999,-9999,-9999,-9999,-9999,-9999,-9999,-9999,-9999,-9999,-9999,-9999,-9999,-9999,-9999,-9999,-9999
GHCND:US1CTNH0016,MILFORD 1.8 E CT US,2.1,41.2242,-73.0274,20160519,0.00,-9999,0.0,-9999,-9999,-9999,-9999,-9999,-9999,-9999,-9999,-9999,-9999,-9999,-9999,-9999,-9999,-9999,-9999,-9999,-9999
GHCND:US1CTNH0016,MILFORD 1.8 E CT US,2.1,41.2242,-73.0274,20160520,0.00,-9999,0.0,-9999,-9999,-9999,-9999,-9999,-9999,-9999,-9999,-9999,-9999,-9999,-9999,-9999,-9999,-9999,-9999,-9999,-9999
GHCND:US1CTNH0016,MILFORD 1.8 E CT US,2.1,41.2242,-73.0274,20160521,0.00,-9999,0.0,-9999,-9999,-9999,-9999,-9999,-9999,-9999,-9999,-9999,-9999,-9999,-9999,-9999,-9999,-9999,-9999,-9999,-9999
GHCND:US1CTNH0016,MILFORD 1.8 E CT US,2.1,41.2242,-73.0274,20160522,0.03,-9999,-9999,-9999,-9999,-9999,-9999,-9999,-9999,-9999,-9999,-9999,-9999,-9999,-9999,-9999,-9999,-9999,-9999,-9999,-9999
GHCND:US1CTNH0016,MILFORD 1.8 E CT US,2.1,41.2242,-73.0274,20160523,0.00,-9999,0.0,-9999,-9999,-9999,-9999,-9999,-9999,-9999,-9999,-9999,-9999,-9999,-9999,-9999,-9999,-9999,-9999,-9999,-9999
GHCND:US1CTNH0016,MILFORD 1.8 E CT US,2.1,41.2242,-73.0274,20160524,0.37,-9999,-9999,-9999,-9999,-9999,-9999,-9999,-9999,-9999,-9999,-9999,-9999,-9999,-9999,-9999,-9999,-9999,-9999,-9999,-9999
GHCND:US1CTNH0016,MILFORD 1.8 E CT US,2.1,41.2242,-73.0274,20160525,0.08,-9999,-9999,-9999,-9999,-9999,-9999,-9999,-9999,-9999,-9999,-9999,-9999,-9999,-9999,-9999,-9999,-9999,-9999,-9999,-9999
GHCND:US1CTNH0016,MILFORD 1.8 E CT US,2.1,41.2242,-73.0274,20160526,0.00,-9999,0.0,-9999,-9999,-9999,-9999,-9999,-9999,-9999,-9999,-9999,-9999,-9999,-9999,-9999,-9999,-9999,-9999,-9999,-9999
GHCND:US1CTNH0016,MILFORD 1.8 E CT US,2.1,41.2242,-73.0274,20160527,0.00,-9999,0.0,-9999,-9999,-9999,-9999,-9999,-9999,-9999,-9999,-9999,-9999,-9999,-9999,-9999,-9999,-9999,-9999,-9999,-9999
GHCND:US1CTNH0016,MILFORD 1.8 E CT US,2.1,41.2242,-73.0274,20160528,0.00,-9999,0.0,-9999,-9999,-9999,-9999,-9999,-9999,-9999,-9999,-9999,-9999,-9999,-9999,-9999,-9999,-9999,-9999,-9999,-9999
GHCND:US1CTNH0016,MILFORD 1.8 E CT US,2.1,41.2242,-73.0274,20160529,0.00,-9999,0.0,-9999,-9999,-9999,-9999,-9999,-9999,-9999,-9999,-9999,-9999,-9999,-9999,-9999,-9999,-9999,-9999,-9999,-9999
GHCND:US1CTNH0016,MILFORD 1.8 E CT US,2.1,41.2242,-73.0274,20160530,1.27,-9999,-9999,-9999,-9999,-9999,-9999,-9999,-9999,-9999,-9999,-9999,-9999,-9999,-9999,-9999,-9999,-9999,-9999,-9999,-9999
GHCND:US1CTNH0016,MILFORD 1.8 E CT US,2.1,41.2242,-73.0274,20160531,0.06,-9999,-9999,-9999,-9999,-9999,-9999,-9999,-9999,-9999,-9999,-9999,-9999,-9999,-9999,-9999,-9999,-9999,-9999,-9999,-9999
GHCND:US1CTNH0016,MILFORD 1.8 E CT US,2.1,41.2242,-73.0274,20160601,0.00,-9999,0.0,-9999,-9999,-9999,-9999,-9999,-9999,-9999,-9999,-9999,-9999,-9999,-9999,-9999,-9999,-9999,-9999,-9999,-9999
GHCND:US1CTNH0016,MILFORD 1.8 E CT US,2.1,41.2242,-73.0274,20160602,0.00,-9999,0.0,-9999,-9999,-9999,-9999,-9999,-9999,-9999,-9999,-9999,-9999,-9999,-9999,-9999,-9999,-9999,-9999,-9999,-9999
GHCND:US1CTNH0016,MILFORD 1.8 E CT US,2.1,41.2242,-73.0274,20160603,0.00,-9999,-9999,-9999,-9999,-9999,-9999,-9999,-9999,-9999,-9999,-9999,-9999,-9999,-9999,-9999,-9999,-9999,-9999,-9999,-9999
GHCND:US1CTNH0016,MILFORD 1.8 E CT US,2.1,41.2242,-73.0274,20160604,0.00,-9999,0.0,-9999,-9999,-9999,-9999,-9999,-9999,-9999,-9999,-9999,-9999,-9999,-9999,-9999,-9999,-9999,-9999,-9999,-9999
GHCND:US1CTNH0016,MILFORD 1.8 E CT US,2.1,41.2242,-73.0274,20160605,0.10,-9999,-9999,-9999,-9999,-9999,-9999,-9999,-9999,-9999,-9999,-9999,-9999,-9999,-9999,-9999,-9999,-9999,-9999,-9999,-9999
GHCND:US1CTNH0016,MILFORD 1.8 E CT US,2.1,41.2242,-73.0274,20160606,0.88,-9999,-9999,-9999,-9999,-9999,-9999,-9999,-9999,-9999,-9999,-9999,-9999,-9999,-9999,-9999,-9999,-9999,-9999,-9999,-9999
GHCND:US1CTNH0016,MILFORD 1.8 E CT US,2.1,41.2242,-73.0274,20160607,0.00,-9999,0.0,-9999,-9999,-9999,-9999,-9999,-9999,-9999,-9999,-9999,-9999,-9999,-9999,-9999,-9999,-9999,-9999,-9999,-9999
GHCND:US1CTNH0016,MILFORD 1.8 E CT US,2.1,41.2242,-73.0274,20160608,0.00,-9999,0.0,-9999,-9999,-9999,-9999,-9999,-9999,-9999,-9999,-9999,-9999,-9999,-9999,-9999,-9999,-9999,-9999,-9999,-9999
GHCND:US1CTNH0016,MILFORD 1.8 E CT US,2.1,41.2242,-73.0274,20160609,0.12,-9999,-9999,-9999,-9999,-9999,-9999,-9999,-9999,-9999,-9999,-9999,-9999,-9999,-9999,-9999,-9999,-9999,-9999,-9999,-9999
GHCND:US1CTNH0016,MILFORD 1.8 E CT US,2.1,41.2242,-73.0274,20160610,0.00,-9999,0.0,-9999,-9999,-9999,-9999,-9999,-9999,-9999,-9999,-9999,-9999,-9999,-9999,-9999,-9999,-9999,-9999,-9999,-9999
GHCND:US1CTNH0016,MILFORD 1.8 E CT US,2.1,41.2242,-73.0274,20160611,0.00,-9999,0.0,-9999,-9999,-9999,-9999,-9999,-9999,-9999,-9999,-9999,-9999,-9999,-9999,-9999,-9999,-9999,-9999,-9999,-9999
GHCND:US1CTNH0016,MILFORD 1.8 E CT US,2.1,41.2242,-73.0274,20160612,0.09,-9999,-9999,-9999,-9999,-9999,-9999,-9999,-9999,-9999,-9999,-9999,-9999,-9999,-9999,-9999,-9999,-9999,-9999,-9999,-9999
GHCND:US1CTNH0016,MILFORD 1.8 E CT US,2.1,41.2242,-73.0274,20160613,0.00,-9999,0.0,-9999,-9999,-9999,-9999,-9999,-9999,-9999,-9999,-9999,-9999,-9999,-9999,-9999,-9999,-9999,-9999,-9999,-9999
GHCND:US1CTNH0016,MILFORD 1.8 E CT US,2.1,41.2242,-73.0274,20160614,0.00,-9999,0.0,-9999,-9999,-9999,-9999,-9999,-9999,-9999,-9999,-9999,-9999,-9999,-9999,-9999,-9999,-9999,-9999,-9999,-9999
GHCND:US1CTNH0016,MILFORD 1.8 E CT US,2.1,41.2242,-73.0274,20160615,0.00,-9999,0.0,-9999,-9999,-9999,-9999,-9999,-9999,-9999,-9999,-9999,-9999,-9999,-9999,-9999,-9999,-9999,-9999,-9999,-9999
GHCND:US1CTNH0016,MILFORD 1.8 E CT US,2.1,41.2242,-73.0274,20160616,0.00,-9999,0.0,-9999,-9999,-9999,-9999,-9999,-9999,-9999,-9999,-9999,-9999,-9999,-9999,-9999,-9999,-9999,-9999,-9999,-9999
GHCND:US1CTNH0016,MILFORD 1.8 E CT US,2.1,41.2242,-73.0274,20160617,0.00,-9999,0.0,-9999,-9999,-9999,-9999,-9999,-9999,-9999,-9999,-9999,-9999,-9999,-9999,-9999,-9999,-9999,-9999,-9999,-9999
GHCND:US1CTNH0016,MILFORD 1.8 E CT US,2.1,41.2242,-73.0274,20160618,0.00,-9999,0.0,-9999,-9999,-9999,-9999,-9999,-9999,-9999,-9999,-9999,-9999,-9999,-9999,-9999,-9999,-9999,-9999,-9999,-9999
GHCND:US1CTNH0016,MILFORD 1.8 E CT US,2.1,41.2242,-73.0274,20160619,0.00,-9999,0.0,-9999,-9999,-9999,-9999,-9999,-9999,-9999,-9999,-9999,-9999,-9999,-9999,-9999,-9999,-9999,-9999,-9999,-9999
GHCND:US1CTNH0016,MILFORD 1.8 E CT US,2.1,41.2242,-73.0274,20160620,0.00,-9999,0.0,-9999,-9999,-9999,-9999,-9999,-9999,-9999,-9999,-9999,-9999,-9999,-9999,-9999,-9999,-9999,-9999,-9999,-9999
GHCND:US1CTNH0016,MILFORD 1.8 E CT US,2.1,41.2242,-73.0274,20160621,0.07,-9999,-9999,-9999,-9999,-9999,-9999,-9999,-9999,-9999,-9999,-9999,-9999,-9999,-9999,-9999,-9999,-9999,-9999,-9999,-9999
GHCND:US1CTNH0016,MILFORD 1.8 E CT US,2.1,41.2242,-73.0274,20160622,0.00,-9999,0.0,-9999,-9999,-9999,-9999,-9999,-9999,-9999,-9999,-9999,-9999,-9999,-9999,-9999,-9999,-9999,-9999,-9999,-9999
GHCND:US1CTNH0016,MILFORD 1.8 E CT US,2.1,41.2242,-73.0274,20160623,0.00,-9999,0.0,-9999,-9999,-9999,-9999,-9999,-9999,-9999,-9999,-9999,-9999,-9999,-9999,-9999,-9999,-9999,-9999,-9999,-9999
GHCND:US1CTNH0016,MILFORD 1.8 E CT US,2.1,41.2242,-73.0274,20160624,0.00,-9999,0.0,-9999,-9999,-9999,-9999,-9999,-9999,-9999,-9999,-9999,-9999,-9999,-9999,-9999,-9999,-9999,-9999,-9999,-9999
GHCND:US1CTNH0016,MILFORD 1.8 E CT US,2.1,41.2242,-73.0274,20160625,0.00,-9999,0.0,-9999,-9999,-9999,-9999,-9999,-9999,-9999,-9999,-9999,-9999,-9999,-9999,-9999,-9999,-9999,-9999,-9999,-9999
GHCND:US1CTNH0016,MILFORD 1.8 E CT US,2.1,41.2242,-73.0274,20160626,0.00,-9999,0.0,-9999,-9999,-9999,-9999,-9999,-9999,-9999,-9999,-9999,-9999,-9999,-9999,-9999,-9999,-9999,-9999,-9999,-9999
GHCND:US1CTNH0016,MILFORD 1.8 E CT US,2.1,41.2242,-73.0274,20160627,0.00,-9999,0.0,-9999,-9999,-9999,-9999,-9999,-9999,-9999,-9999,-9999,-9999,-9999,-9999,-9999,-9999,-9999,-9999,-9999,-9999
GHCND:US1CTNH0016,MILFORD 1.8 E CT US,2.1,41.2242,-73.0274,20160628,0.21,-9999,-9999,-9999,-9999,-9999,-9999,-9999,-9999,-9999,-9999,-9999,-9999,-9999,-9999,-9999,-9999,-9999,-9999,-9999,-9999
GHCND:US1CTNH0016,MILFORD 1.8 E CT US,2.1,41.2242,-73.0274,20160629,0.11,-9999,-9999,-9999,-9999,-9999,-9999,-9999,-9999,-9999,-9999,-9999,-9999,-9999,-9999,-9999,-9999,-9999,-9999,-9999,-9999
GHCND:US1CTNH0016,MILFORD 1.8 E CT US,2.1,41.2242,-73.0274,20160630,0.00,-9999,0.0,-9999,-9999,-9999,-9999,-9999,-9999,-9999,-9999,-9999,-9999,-9999,-9999,-9999,-9999,-9999,-9999,-9999,-9999
GHCND:US1CTNH0016,MILFORD 1.8 E CT US,2.1,41.2242,-73.0274,20160701,0.00,-9999,0.0,-9999,-9999,-9999,-9999,-9999,-9999,-9999,-9999,-9999,-9999,-9999,-9999,-9999,-9999,-9999,-9999,-9999,-9999
GHCND:USW00094702,IGOR I SIKORSKY MEMORI AIRPORT CT US,1.5,41.15833,-73.12889,20160501,0.13,0.0,0.0,49,50,43,-9999,-9999,-9999,8.7,80,80,18.1,21.9,-9999,-9999,1,-9999,-9999,1,-9999
GHCND:USW00094702,IGOR I SIKORSKY MEMORI AIRPORT CT US,1.5,41.15833,-73.12889,20160502,0.00,0.0,0.0,48,56,45,-9999,-9999,-9999,5.6,30,40,12.1,14.1,-9999,-9999,1,-9999,-9999,-9999,-9999
GHCND:USW00094702,IGOR I SIKORSKY MEMORI AIRPORT CT US,1.5,41.15833,-73.12889,20160503,0.64,0.0,0.0,52,53,50,-9999,-9999,-9999,7.4,70,70,15.0,18.1,-9999,-9999,1,-9999,-9999,-9999,-9999
GHCND:USW00094702,IGOR I SIKORSKY MEMORI AIRPORT CT US,1.5,41.15833,-73.12889,20160504,0.12,0.0,0.0,50,52,48,-9999,-9999,-9999,10.5,100,100,21.9,27.1,-9999,-9999,1,-9999,-9999,-9999,-9999
GHCND:USW00094702,IGOR I SIKORSKY MEMORI AIRPORT CT US,1.5,41.15833,-73.12889,20160505,0.00,0.0,0.0,50,55,47,-9999,-9999,-9999,14.3,30,20,19.9,30.0,-9999,-9999,-9999,-9999,-9999,-9999,-9999
GHCND:USW00094702,IGOR I SIKORSKY MEMORI AIRPORT CT US,1.5,41.15833,-73.12889,20160506,0.53,0.0,0.0,51,53,48,-9999,-9999,-9999,15.4,80,70,23.0,29.1,-9999,-9999,1,-9999,-9999,-9999,-9999
GHCND:USW00094702,IGOR I SIKORSKY MEMORI AIRPORT CT US,1.5,41.15833,-73.12889,20160507,0.02,0.0,0.0,51,55,49,-9999,-9999,-9999,6.9,80,90,19.9,23.9,-9999,-9999,1,-9999,-9999,-9999,-9999
GHCND:USW00094702,IGOR I SIKORSKY MEMORI AIRPORT CT US,1.5,41.15833,-73.12889,20160508,0.21,0.0,0.0,54,67,47,-9999,-9999,-9999,10.1,290,300,29.1,38.9,-9999,-9999,1,-9999,-9999,-9999,-9999
GHCND:USW00094702,IGOR I SIKORSKY MEMORI AIRPORT CT US,1.5,41.15833,-73.12889,20160509,0.00,0.0,0.0,59,74,49,-9999,-9999,-9999,10.3,320,320,19.9,25.9,-9999,-9999,-9999,-9999,-9999,-9999,-9999
GHCND:USW00094702,IGOR I SIKORSKY MEMORI AIRPORT CT US,1.5,41.15833,-73.12889,20160510,0.00,0.0,0.0,57,66,44,-9999,-9999,-9999,7.6,220,230,16.1,21.0,-9999,-9999,-9999,-9999,-9999,-9999,-9999
GHCND:USW00094702,IGOR I SIKORSKY MEMORI AIRPORT CT US,1.5,41.15833,-73.12889,20160511,0.00,0.0,0.0,59,73,44,-9999,-9999,-9999,5.6,220,210,13.0,17.0,-9999,-9999,-9999,-9999,-9999,1,-9999
GHCND:USW00094702,IGOR I SIKORSKY MEMORI AIRPORT CT US,1.5,41.15833,-73.12889,20160512,0.00,0.0,0.0,62,70,53,-9999,-9999,-9999,5.8,120,110,12.1,16.1,-9999,-9999,-9999,-9999,-9999,1,-9999
GHCND:USW00094702,IGOR I SIKORSKY MEMORI AIRPORT CT US,1.5,41.15833,-73.12889,20160513,0.17,0.0,0.0,58,63,53,-9999,-9999,-9999,5.6,100,180,12.1,14.1,-9999,-9999,1,-9999,1,-9999,-9999
GHCND:USW00094702,IGOR I SIKORSKY MEMORI AIRPORT CT US,1.5,41.15833,-73.12889,20160514,0.04,0.0,0.0,61,72,51,-9999,-9999,-9999,8.1,210,210,23.9,30.0,-9999,-9999,1,-9999,1,-9999,-9999
GHCND:USW00094702,IGOR I SIKORSKY MEMORI AIRPORT CT US,1.5,41.15833,-73.12889,20160515,0.00,0.0,0.0,56,60,46,-9999,-9999,-9999,14.1,270,260,28.0,36.9,-9999,-9999,-9999,-9999,-9999,-9999,-9999
GHCND:USW00094702,IGOR I SIKORSKY MEMORI AIRPORT CT US,1.5,41.15833,-73.12889,20160516,0.00,0.0,0.0,53,67,43,-9999,-9999,-9999,14.3,300,300,32.0,46.1,-9999,-9999,-9999,-9999,-9999,-9999,-9999
GHCND:USW00094702,IGOR I SIKORSKY MEMORI AIRPORT CT US,1.5,41.15833,-73.12889,20160517,0.00,0.0,0.0,58,68,52,-9999,-9999,-9999,9.4,220,220,16.1,21.0,-9999,-9999,-9999,-9999,-9999,-9999,-9999
GHCND:USW00094702,IGOR I SIKORSKY MEMORI AIRPORT CT US,1.5,41.15833,-73.12889,20160518,0.00,0.0,0.0,58,66,48,-9999,-9999,-9999,6.7,10,10,15.0,19.9,-9999,-9999,-9999,-9999,-9999,-9999,-9999
GHCND:USW00094702,IGOR I SIKORSKY MEMORI AIRPORT CT US,1.5,41.15833,-73.12889,20160519,0.00,0.0,0.0,59,67,53,-9999,-9999,-9999,4.7,200,210,15.0,19.0,-9999,-9999,-9999,-9999,-9999,-9999,-9999
GHCND:USW00094702,IGOR I SIKORSKY MEMORI AIRPORT CT US,1.5,41.15833,-73.12889,20160520,0.00,0.0,0.0,61,74,48,-9999,-9999,-9999,6.9,180,340,15.0,18.1,-9999,-9999,-9999,-9999,-9999,-9999,-9999
GHCND:USW00094702,IGOR I SIKORSKY MEMORI AIRPORT CT US,1.5,41.15833,-73.12889,20160521,0.00,0.0,0.0,58,63,51,-9999,-9999,-9999,5.4,80,150,10.1,15.0,-9999,-9999,-9999,-9999,-9999,-9999,-9999
GHCND:USW00094702,IGOR I SIKORSKY MEMORI AIRPORT CT US,1.5,41.15833,-73.12889,20160522,0.02,0.0,0.0,60,69,54,-9999,-9999,-9999,5.1,10,10,14.1,19.0,-9999,-9999,-9999,-9999,-9999,-9999,-9999
GHCND:USW00094702,IGOR I SIKORSKY MEMORI AIRPORT CT US,1.5,41.15833,-73.12889,20160523,0.04,0.0,0.0,62,74,53,-9999,-9999,-9999,5.4,210,160,12.1,15.0,-9999,-9999,-9999,-9999,-9999,-9999,-9999
GHCND:USW00094702,IGOR I SIKORSKY MEMORI AIRPORT CT US,1.5,41.15833,-73.12889,20160524,0.34,0.0,0.0,62,69,58,-9999,-9999,-9999,5.1,300,300,15.0,21.0,-9999,-9999,1,-9999,-9999,-9999,-9999
GHCND:USW00094702,IGOR I SIKORSKY MEMORI AIRPORT CT US,1.5,41.15833,-73.12889,20160525,0.00,0.0,0.0,67,85,54,-9999,-9999,-9999,6.3,220,220,16.1,21.0,-9999,-9999,1,-9999,1,-9999,-9999
GHCND:USW00094702,IGOR I SIKORSKY MEMORI AIRPORT CT US,1.5,41.15833,-73.12889,20160526,0.00,0.0,0.0,73,86,62,-9999,-9999,-9999,3.8,190,220,10.1,12.1,-9999,-9999,-9999,-9999,-9999,1,-9999
GHCND:USW00094702,IGOR I SIKORSKY MEMORI AIRPORT CT US,1.5,41.15833,-73.12889,20160527,0.00,0.0,0.0,69,78,62,-9999,-9999,-9999,6.5,80,80,14.1,15.0,-9999,-9999,1,-9999,-9999,-9999,-9999
GHCND:USW00094702,IGOR I SIKORSKY MEMORI AIRPORT CT US,1.5,41.15833,-73.12889,20160528,0.00,0.0,0.0,74,86,65,-9999,-9999,-9999,8.5,200,200,19.9,25.1,-9999,-9999,-9999,-9999,-9999,-9999,-9999
GHCND:USW00094702,IGOR I SIKORSKY MEMORI AIRPORT CT US,1.5,41.15833,-73.12889,20160529,0.01,0.0,0.0,74,83,67,-9999,-9999,-9999,7.8,190,190,17.0,21.9,-9999,-9999,1,-9999,-9999,-9999,-9999
GHCND:USW00094702,IGOR I SIKORSKY MEMORI AIRPORT CT US,1.5,41.15833,-73.12889,20160530,1.23,0.0,0.0,69,80,65,-9999,-9999,-9999,6.9,190,190,13.0,16.1,-9999,-9999,1,-9999,-9999,-9999,-9999
GHCND:USW00094702,IGOR I SIKORSKY MEMORI AIRPORT CT US,1.5,41.15833,-73.12889,20160531,0.00,0.0,0.0,73,83,67,-9999,-9999,-9999,6.7,200,200,16.1,21.0,-9999,-9999,-9999,-9999,-9999,-9999,-9999
GHCND:USW00094702,IGOR I SIKORSKY MEMORI AIRPORT CT US,1.5,41.15833,-73.12889,20160601,0.00,0.0,0.0,71,78,63,-9999,-9999,-9999,8.1,110,110,16.1,21.0,-9999,-9999,-9999,-9999,-9999,-9999,-9999
GHCND:USW00094702,IGOR I SIKORSKY MEMORI AIRPORT CT US,1.5,41.15833,-73.12889,20160602,0.00,0.0,0.0,65,68,62,-9999,-9999,-9999,12.8,90,100,21.0,23.9,-9999,-9999,-9999,-9999,-9999,-9999,-9999
GHCND:USW00094702,IGOR I SIKORSKY MEMORI AIRPORT CT US,1.5,41.15833,-73.12889,20160603,0.09,0.0,0.0,63,67,61,-9999,-9999,-9999,4.0,210,220,10.1,12.1,-9999,-9999,1,-9999,-9999,1,-9999
GHCND:USW00094702,IGOR I SIKORSKY MEMORI AIRPORT CT US,1.5,41.15833,-73.12889,20160604,0.00,0.0,0.0,70,82,63,-9999,-9999,-9999,6.7,200,210,13.0,15.0,-9999,-9999,-9999,-9999,-9999,-9999,-9999
GHCND:USW00094702,IGOR I SIKORSKY MEMORI AIRPORT CT US,1.5,41.15833,-73.12889,20160605,0.90,0.0,0.0,67,69,65,-9999,-9999,-9999,7.4,230,210,17.0,21.9,-9999,-9999,1,-9999,-9999,-9999,1
GHCND:USW00094702,IGOR I SIKORSKY MEMORI AIRPORT CT US,1.5,41.15833,-73.12889,20160606,0.00,0.0,0.0,72,84,65,-9999,-9999,-9999,10.7,300,290,19.9,25.1,-9999,-9999,1,-9999,-9999,1,-9999
GHCND:USW00094702,IGOR I SIKORSKY MEMORI AIRPORT CT US,1.5,41.15833,-73.12889,20160607,0.00,0.0,0.0,74,85,65,-9999,-9999,-9999,8.3,290,290,17.0,23.0,-9999,-9999,-9999,-9999,-9999,-9999,-9999
GHCND:USW00094702,IGOR I SIKORSKY MEMORI AIRPORT CT US,1.5,41.15833,-73.12889,20160608,0.07,0.0,0.0,65,71,58,-9999,-9999,-9999,11.4,300,300,25.9,36.0,-9999,-9999,-9999,-9999,-9999,-9999,-9999
GHCND:USW00094702,IGOR I SIKORSKY MEMORI AIRPORT CT US,1.5,41.15833,-73.12889,20160609,0.00,0.0,0.0,63,74,55,-9999,-9999,-9999,14.3,300,280,28.0,36.9,-9999,-9999,-9999,-9999,-9999,-9999,-9999
GHCND:USW00094702,IGOR I SIKORSKY MEMORI AIRPORT CT US,1.5,41.15833,-73.12889,20160610,0.00,0.0,0.0,66,78,54,-9999,-9999,-9999,8.7,300,300,23.9,34.0,-9999,-9999,-9999,-9999,-9999,-9999,-9999
GHCND:USW00094702,IGOR I SIKORSKY MEMORI AIRPORT CT US,1.5,41.15833,-73.12889,20160611,0.03,0.0,0.0,64,71,52,-9999,-9999,-9999,4.3,60,60,15.0,19.0,-9999,-9999,1,-9999,-9999,-9999,-9999
GHCND:USW00094702,IGOR I SIKORSKY MEMORI AIRPORT CT US,1.5,41.15833,-73.12889,20160612,0.00,0.0,0.0,72,84,60,-9999,-9999,-9999,14.3,300,360,28.0,36.9,-9999,-9999,1,-9999,-9999,-9999,-9999
GHCND:USW00094702,IGOR I SIKORSKY MEMORI AIRPORT CT US,1.5,41.15833,-73.12889,20160613,0.00,0.0,0.0,65,77,56,-9999,-9999,-9999,14.3,320,340,23.9,34.0,-9999,-9999,-9999,-9999,-9999,-9999,-9999
GHCND:USW00094702,IGOR I SIKORSKY MEMORI AIRPORT CT US,1.5,41.15833,-73.12889,20160614,0.00,0.0,0.0,68,81,57,-9999,-9999,-9999,10.3,340,340,19.9,25.9,-9999,-9999,-9999,-9999,-9999,-9999,-9999
GHCND:USW00094702,IGOR I SIKORSKY MEMORI AIRPORT CT US,1.5,41.1583,-73.1289,20160615,0.00,0.0,0.0,71,83,60,-9999,-9999,-9999,7.8,200,190,16.1,19.9,-9999,-9999,-9999,-9999,-9999,-9999,-9999
GHCND:USW00094702,IGOR I SIKORSKY MEMORI AIRPORT CT US,1.5,41.1583,-73.1289,20160616,0.00,0.0,0.0,70,76,64,-9999,-9999,-9999,4.3,220,230,12.1,14.1,-9999,-9999,1,-9999,-9999,1,-9999
GHCND:USW00094702,IGOR I SIKORSKY MEMORI AIRPORT CT US,1.5,41.1583,-73.1289,20160617,0.00,0.0,0.0,69,76,63,-9999,-9999,-9999,8.1,70,80,17.0,21.9,-9999,-9999,1,-9999,-9999,1,-9999
GHCND:USW00094702,IGOR I SIKORSKY MEMORI AIRPORT CT US,1.5,41.1583,-73.1289,20160618,0.00,0.0,0.0,69,83,57,-9999,-9999,-9999,4.9,140,140,15.0,19.0,-9999,-9999,-9999,-9999,-9999,-9999,-9999
GHCND:USW00094702,IGOR I SIKORSKY MEMORI AIRPORT CT US,1.5,41.1583,-73.1289,20160619,0.00,0.0,0.0,69,77,61,-9999,-9999,-9999,6.9,70,160,14.1,17.0,-9999,-9999,-9999,-9999,-9999,-9999,-9999
GHCND:USW00094702,IGOR I SIKORSKY MEMORI AIRPORT CT US,1.5,41.1583,-73.1289,20160620,0.00,0.0,0.0,70,79,63,-9999,-9999,-9999,6.3,180,200,15.0,19.0,-9999,-9999,-9999,-9999,-9999,-9999,-9999
GHCND:USW00094702,IGOR I SIKORSKY MEMORI AIRPORT CT US,1.5,41.1583,-73.1289,20160621,0.04,0.0,0.0,76,88,69,-9999,-9999,-9999,7.4,210,210,18.1,21.9,-9999,-9999,-9999,-9999,-9999,-9999,1
GHCND:USW00094702,IGOR I SIKORSKY MEMORI AIRPORT CT US,1.5,41.1583,-73.1289,20160622,0.00,0.0,0.0,75,89,62,-9999,-9999,-9999,6.5,290,300,21.0,29.1,-9999,-9999,-9999,-9999,-9999,-9999,-9999
GHCND:USW00094702,IGOR I SIKORSKY MEMORI AIRPORT CT US,1.5,41.1583,-73.1289,20160623,0.00,0.0,0.0,71,77,63,-9999,-9999,-9999,4.9,80,90,12.1,14.1,-9999,-9999,-9999,-9999,-9999,-9999,-9999
GHCND:USW00094702,IGOR I SIKORSKY MEMORI AIRPORT CT US,1.5,41.1583,-73.1289,20160624,0.00,0.0,0.0,73,81,64,-9999,-9999,-9999,8.3,120,100,15.0,21.9,-9999,-9999,-9999,-9999,-9999,-9999,-9999
GHCND:USW00094702,IGOR I SIKORSKY MEMORI AIRPORT CT US,1.5,41.1583,-73.1289,20160625,0.00,0.0,0.0,71,80,61,-9999,-9999,-9999,6.3,110,100,12.1,15.0,-9999,-9999,-9999,-9999,-9999,-9999,-9999
GHCND:USW00094702,IGOR I SIKORSKY MEMORI AIRPORT CT US,1.5,41.1583,-73.1289,20160626,0.00,0.0,0.0,72,82,62,-9999,-9999,-9999,5.8,200,200,16.1,21.0,-9999,-9999,-9999,-9999,-9999,-9999,-9999
GHCND:USW00094702,IGOR I SIKORSKY MEMORI AIRPORT CT US,1.5,41.1583,-73.1289,20160627,0.01,0.0,0.0,74,80,68,-9999,-9999,-9999,10.3,190,180,18.1,23.9,-9999,-9999,-9999,-9999,-9999,-9999,-9999
GHCND:USW00094702,IGOR I SIKORSKY MEMORI AIRPORT CT US,1.5,41.1583,-73.1289,20160628,0.12,0.0,0.0,71,73,68,-9999,-9999,-9999,6.9,210,210,14.1,17.0,-9999,-9999,1,-9999,-9999,1,-9999
GHCND:USW00094702,IGOR I SIKORSKY MEMORI AIRPORT CT US,1.5,41.1583,-73.1289,20160629,0.00,0.0,0.0,75,84,70,-9999,-9999,-9999,7.2,220,210,15.0,18.1,-9999,-9999,1,-9999,-9999,1,-9999
GHCND:USW00094702,IGOR I SIKORSKY MEMORI AIRPORT CT US,1.5,41.1583,-73.1289,20160630,0.00,0.0,0.0,76,85,68,-9999,-9999,-9999,8.9,220,210,17.0,19.9,-9999,-9999,-9999,-9999,-9999,-9999,-9999
GHCND:USW00094702,IGOR I SIKORSKY MEMORI AIRPORT CT US,1.5,41.1583,-73.1289,20160701,0.10,0.0,0.0,74,80,68,-9999,-9999,-9999,6.5,230,230,16.1,21.0,-9999,-9999,1,-9999,-9999,-9999,1
GHCND:USC00060808,BRIDGEPORT SUCCESS HILL CT US,21.3,41.2004,-73.1569,20160501,0.00,0.0,0.0,-9999,64,45,48,-9999,-9999,-9999,-9999,-9999,-9999,-9999,-9999,-9999,-9999,-9999,-9999,-9999,-9999
GHCND:USC00060808,BRIDGEPORT SUCCESS HILL CT US,21.3,41.2004,-73.1569,20160502,0.25,0.0,0.0,-9999,48,41,44,-9999,-9999,-9999,-9999,-9999,-9999,-9999,-9999,-9999,-9999,-9999,-9999,-9999,-9999
GHCND:USC00060808,BRIDGEPORT SUCCESS HILL CT US,21.3,41.2004,-73.1569,20160503,0.43,0.0,0.0,-9999,57,44,51,-9999,-9999,-9999,-9999,-9999,-9999,-9999,-9999,-9999,-9999,-9999,-9999,-9999,-9999
GHCND:USC00060808,BRIDGEPORT SUCCESS HILL CT US,21.3,41.2004,-73.1569,20160504,0.13,0.0,0.0,-9999,51,48,48,-9999,-9999,4.9,-9999,-9999,-9999,-9999,-9999,-9999,-9999,-9999,-9999,-9999,-9999
GHCND:USC00060808,BRIDGEPORT SUCCESS HILL CT US,21.3,41.2004,-73.1569,20160505,0.08,0.0,0.0,-9999,51,45,46,-9999,-9999,-9999,-9999,-9999,-9999,-9999,-9999,-9999,-9999,-9999,-9999,-9999,-9999
GHCND:USC00060808,BRIDGEPORT SUCCESS HILL CT US,21.3,41.2004,-73.1569,20160506,0.21,0.0,0.0,-9999,54,46,47,-9999,-9999,-9999,-9999,-9999,-9999,-9999,-9999,-9999,-9999,-9999,-9999,-9999,-9999
GHCND:USC00060808,BRIDGEPORT SUCCESS HILL CT US,21.3,41.2004,-73.1569,20160507,0.25,0.0,0.0,-9999,53,47,48,-9999,-9999,-9999,-9999,-9999,-9999,-9999,-9999,-9999,-9999,-9999,-9999,-9999,-9999
GHCND:USC00060808,BRIDGEPORT SUCCESS HILL CT US,21.3,41.2004,-73.1569,20160508,0.05,0.0,0.0,-9999,54,47,47,-9999,-9999,-9999,-9999,-9999,-9999,-9999,-9999,-9999,-9999,-9999,-9999,-9999,-9999
GHCND:USC00060808,BRIDGEPORT SUCCESS HILL CT US,21.3,41.2004,-73.1569,20160509,0.19,0.0,0.0,-9999,66,43,52,-9999,-9999,-9999,-9999,-9999,-9999,-9999,-9999,-9999,-9999,-9999,-9999,-9999,-9999
GHCND:USC00060808,BRIDGEPORT SUCCESS HILL CT US,21.3,41.2004,-73.1569,20160510,0.00,0.0,0.0,-9999,73,40,47,-9999,-9999,-9999,-9999,-9999,-9999,-9999,-9999,-9999,-9999,-9999,-9999,-9999,-9999
GHCND:USC00060808,BRIDGEPORT SUCCESS HILL CT US,21.3,41.2004,-73.1569,20160511,0.00,0.0,0.0,-9999,66,43,49,-9999,-9999,0.0,-9999,-9999,-9999,-9999,-9999,-9999,-9999,-9999,-9999,-9999,-9999
GHCND:USC00060808,BRIDGEPORT SUCCESS HILL CT US,21.3,41.2004,-73.1569,20160512,0.00,0.0,0.0,-9999,73,49,56,-9999,-9999,-9999,-9999,-9999,-9999,-9999,-9999,-9999,-9999,-9999,-9999,-9999,-9999
GHCND:USC00060808,BRIDGEPORT SUCCESS HILL CT US,21.3,41.2004,-73.1569,20160513,0.00,0.0,0.0,-9999,74,52,56,-9999,-9999,-9999,-9999,-9999,-9999,-9999,-9999,-9999,-9999,-9999,-9999,-9999,-9999
GHCND:USC00060808,BRIDGEPORT SUCCESS HILL CT US,21.3,41.2004,-73.1569,20160514,0.00,0.0,0.0,-9999,-9999,-9999,-9999,-9999,-9999,-9999,-9999,-9999,-9999,-9999,-9999,-9999,-9999,-9999,-9999,-9999,-9999
GHCND:USC00060808,BRIDGEPORT SUCCESS HILL CT US,21.3,41.2004,-73.1569,20160515,0.00,0.0,0.0,-9999,74,48,48,-9999,-9999,-9999,-9999,-9999,-9999,-9999,-9999,-9999,-9999,-9999,-9999,-9999,-9999
GHCND:USC00060808,BRIDGEPORT SUCCESS HILL CT US,21.3,41.2004,-73.1569,20160516,0.00,0.0,0.0,-9999,59,40,44,-9999,-9999,-9999,-9999,-9999,-9999,-9999,-9999,-9999,-9999,-9999,-9999,-9999,-9999
GHCND:USC00060808,BRIDGEPORT SUCCESS HILL CT US,21.3,41.2004,-73.1569,20160517,0.00,0.0,0.0,-9999,64,44,53,-9999,-9999,-9999,-9999,-9999,-9999,-9999,-9999,-9999,-9999,-9999,-9999,-9999,-9999
GHCND:USC00060808,BRIDGEPORT SUCCESS HILL CT US,21.3,41.2004,-73.1569,20160518,0.00,0.0,0.0,-9999,70,48,54,-9999,-9999,-9999,-9999,-9999,-9999,-9999,-9999,-9999,-9999,-9999,-9999,-9999,-9999
GHCND:USC00060808,BRIDGEPORT SUCCESS HILL CT US,21.3,41.2004,-73.1569,20160519,0.00,0.0,0.0,-9999,68,53,53,-9999,-9999,-9999,-9999,-9999,-9999,-9999,-9999,-9999,-9999,-9999,-9999,-9999,-9999
GHCND:USC00060808,BRIDGEPORT SUCCESS HILL CT US,21.3,41.2004,-73.1569,20160520,0.00,0.0,0.0,-9999,70,45,54,-9999,-9999,4.9,-9999,-9999,-9999,-9999,-9999,-9999,-9999,-9999,-9999,-9999,-9999
GHCND:USC00060808,BRIDGEPORT SUCCESS HILL CT US,21.3,41.2004,-73.1569,20160521,0.00,0.0,0.0,-9999,74,48,54,-9999,-9999,-9999,-9999,-9999,-9999,-9999,-9999,-9999,-9999,-9999,-9999,-9999,-9999
GHCND:USC00060808,BRIDGEPORT SUCCESS HILL CT US,21.3,41.2004,-73.1569,20160522,0.04,0.0,0.0,-9999,54,52,52,-9999,-9999,-9999,-9999,-9999,-9999,-9999,-9999,-9999,-9999,-9999,-9999,-9999,-9999
GHCND:USC00060808,BRIDGEPORT SUCCESS HILL CT US,21.3,41.2004,-73.1569,20160523,0.00,0.0,0.0,-9999,74,50,57,-9999,-9999,0.0,-9999,-9999,-9999,-9999,-9999,-9999,-9999,-9999,-9999,-9999,-9999
GHCND:USC00060808,BRIDGEPORT SUCCESS HILL CT US,21.3,41.2004,-73.1569,20160524,0.31,0.0,0.0,-9999,76,56,57,-9999,-9999,-9999,-9999,-9999,-9999,-9999,-9999,-9999,-9999,-9999,-9999,-9999,-9999
GHCND:USC00060808,BRIDGEPORT SUCCESS HILL CT US,21.3,41.2004,-73.1569,20160525,0.20,0.0,0.0,-9999,67,53,54,-9999,-9999,-9999,-9999,-9999,-9999,-9999,-9999,-9999,-9999,-9999,-9999,-9999,-9999
GHCND:USC00060808,BRIDGEPORT SUCCESS HILL CT US,21.3,41.2004,-73.1569,20160526,0.00,0.0,0.0,-9999,89,54,62,-9999,-9999,-9999,-9999,-9999,-9999,-9999,-9999,-9999,-9999,-9999,-9999,-9999,-9999
GHCND:USC00060808,BRIDGEPORT SUCCESS HILL CT US,21.3,41.2004,-73.1569,20160527,0.00,0.0,0.0,-9999,88,62,66,-9999,-9999,-9999,-9999,-9999,-9999,-9999,-9999,-9999,-9999,-9999,-9999,-9999,-9999
GHCND:USC00060808,BRIDGEPORT SUCCESS HILL CT US,21.3,41.2004,-73.1569,20160528,0.00,0.0,0.0,-9999,82,66,72,-9999,-9999,4.9,-9999,-9999,-9999,-9999,-9999,-9999,-9999,-9999,-9999,-9999,-9999
GHCND:USC00060808,BRIDGEPORT SUCCESS HILL CT US,21.3,41.2004,-73.1569,20160529,0.00,0.0,0.0,-9999,88,69,69,-9999,-9999,-9999,-9999,-9999,-9999,-9999,-9999,-9999,-9999,-9999,-9999,-9999,-9999
GHCND:USC00060808,BRIDGEPORT SUCCESS HILL CT US,21.3,41.2004,-73.1569,20160530,0.84,0.0,0.0,-9999,88,55,66,-9999,-9999,-9999,-9999,-9999,-9999,-9999,-9999,-9999,-9999,-9999,-9999,-9999,-9999
GHCND:USC00060808,BRIDGEPORT SUCCESS HILL CT US,21.3,41.2004,-73.1569,20160531,0.07,0.0,0.0,-9999,79,66,69,-9999,-9999,-9999,-9999,-9999,-9999,-9999,-9999,-9999,-9999,-9999,-9999,-9999,-9999
GHCND:USC00060808,BRIDGEPORT SUCCESS HILL CT US,21.3,41.2004,-73.1569,20160601,0.00,0.0,0.0,-9999,83,60,63,-9999,-9999,-9999,-9999,-9999,-9999,-9999,-9999,-9999,-9999,-9999,-9999,-9999,-9999
GHCND:USC00060808,BRIDGEPORT SUCCESS HILL CT US,21.3,41.2004,-73.1569,20160602,0.00,0.0,0.0,-9999,83,59,63,-9999,-9999,8.1,-9999,-9999,-9999,-9999,-9999,-9999,-9999,-9999,-9999,-9999,-9999
GHCND:USC00060808,BRIDGEPORT SUCCESS HILL CT US,21.3,41.2004,-73.1569,20160603,0.00,0.0,0.0,-9999,70,60,60,-9999,-9999,-9999,-9999,-9999,-9999,-9999,-9999,-9999,-9999,-9999,-9999,-9999,-9999
GHCND:USC00060808,BRIDGEPORT SUCCESS HILL CT US,21.3,41.2004,-73.1569,20160604,0.10,0.0,0.0,-9999,69,60,69,-9999,-9999,-9999,-9999,-9999,-9999,-9999,-9999,-9999,-9999,-9999,-9999,-9999,-9999
GHCND:USC00060808,BRIDGEPORT SUCCESS HILL CT US,21.3,41.2004,-73.1569,20160605,0.03,0.0,0.0,-9999,84,64,64,-9999,-9999,-9999,-9999,-9999,-9999,-9999,-9999,-9999,-9999,-9999,-9999,-9999,-9999
GHCND:USC00060808,BRIDGEPORT SUCCESS HILL CT US,21.3,41.2004,-73.1569,20160606,0.88,0.0,0.0,-9999,68,64,67,-9999,-9999,-9999,-9999,-9999,-9999,-9999,-9999,-9999,-9999,-9999,-9999,-9999,-9999
GHCND:USC00060808,BRIDGEPORT SUCCESS HILL CT US,21.3,41.2004,-73.1569,20160607,0.00,0.0,0.0,-9999,83,65,66,-9999,-9999,-9999,-9999,-9999,-9999,-9999,-9999,-9999,-9999,-9999,-9999,-9999,-9999
GHCND:USC00060808,BRIDGEPORT SUCCESS HILL CT US,21.3,41.2004,-73.1569,20160608,0.00,0.0,0.0,-9999,86,58,61,-9999,-9999,-9999,-9999,-9999,-9999,-9999,-9999,-9999,-9999,-9999,-9999,-9999,-9999
GHCND:USC00060808,BRIDGEPORT SUCCESS HILL CT US,21.3,41.2004,-73.1569,20160609,0.05,0.0,0.0,-9999,73,53,54,-9999,-9999,-9999,-9999,-9999,-9999,-9999,-9999,-9999,-9999,-9999,-9999,-9999,-9999
GHCND:USC00060808,BRIDGEPORT SUCCESS HILL CT US,21.3,41.2004,-73.1569,20160610,0.00,0.0,0.0,-9999,71,51,55,-9999,-9999,8.9,-9999,-9999,-9999,-9999,-9999,-9999,-9999,-9999,-9999,-9999,-9999
GHCND:USC00060808,BRIDGEPORT SUCCESS HILL CT US,21.3,41.2004,-73.1569,20160611,0.00,0.0,0.0,-9999,76,49,55,-9999,-9999,-9999,-9999,-9999,-9999,-9999,-9999,-9999,-9999,-9999,-9999,-9999,-9999
GHCND:USC00060808,BRIDGEPORT SUCCESS HILL CT US,21.3,41.2004,-73.1569,20160612,0.05,0.0,0.0,-9999,75,55,73,-9999,-9999,-9999,-9999,-9999,-9999,-9999,-9999,-9999,-9999,-9999,-9999,-9999,-9999
GHCND:USC00060808,BRIDGEPORT SUCCESS HILL CT US,21.3,41.2004,-73.1569,20160613,0.00,0.0,0.0,-9999,82,52,58,-9999,-9999,15.0,-9999,-9999,-9999,-9999,-9999,-9999,-9999,-9999,-9999,-9999,-9999
GHCND:USC00060808,BRIDGEPORT SUCCESS HILL CT US,21.3,41.2004,-73.1569,20160614,0.00,0.0,0.0,-9999,75,55,58,-9999,-9999,-9999,-9999,-9999,-9999,-9999,-9999,-9999,-9999,-9999,-9999,-9999,-9999
GHCND:USC00060808,BRIDGEPORT SUCCESS HILL CT US,21.3,41.2004,-73.1569,20160615,0.00,0.0,0.0,-9999,79,58,63,-9999,-9999,4.9,-9999,-9999,-9999,-9999,-9999,-9999,-9999,-9999,-9999,-9999,-9999
GHCND:USC00060808,BRIDGEPORT SUCCESS HILL CT US,21.3,41.2004,-73.1569,20160616,0.00,0.0,0.0,-9999,83,63,65,-9999,-9999,4.9,-9999,-9999,-9999,-9999,-9999,-9999,-9999,-9999,-9999,-9999,-9999
GHCND:USC00060808,BRIDGEPORT SUCCESS HILL CT US,21.3,41.2004,-73.1569,20160617,0.00,0.0,0.0,-9999,81,63,66,-9999,-9999,10.1,-9999,-9999,-9999,-9999,-9999,-9999,-9999,-9999,-9999,-9999,-9999
GHCND:USC00060808,BRIDGEPORT SUCCESS HILL CT US,21.3,41.2004,-73.1569,20160618,0.00,0.0,0.0,-9999,77,54,59,-9999,-9999,-9999,-9999,-9999,-9999,-9999,-9999,-9999,-9999,-9999,-9999,-9999,-9999
GHCND:USC00060808,BRIDGEPORT SUCCESS HILL CT US,21.3,41.2004,-73.1569,20160619,0.00,0.0,0.0,-9999,83,58,66,-9999,-9999,-9999,-9999,-9999,-9999,-9999,-9999,-9999,-9999,-9999,-9999,-9999,-9999
GHCND:USC00060808,BRIDGEPORT SUCCESS HILL CT US,21.3,41.2004,-73.1569,20160620,0.00,0.0,0.0,-9999,77,60,64,-9999,-9999,-9999,-9999,-9999,-9999,-9999,-9999,-9999,-9999,-9999,-9999,-9999,-9999
GHCND:USC00060808,BRIDGEPORT SUCCESS HILL CT US,21.3,41.2004,-73.1569,20160621,0.07,0.0,0.0,-9999,81,64,68,-9999,-9999,0.0,-9999,-9999,-9999,-9999,-9999,-9999,-9999,-9999,-9999,-9999,-9999
GHCND:USC00060808,BRIDGEPORT SUCCESS HILL CT US,21.3,41.2004,-73.1569,20160622,0.00,0.0,0.0,-9999,89,58,63,-9999,-9999,0.0,-9999,-9999,-9999,-9999,-9999,-9999,-9999,-9999,-9999,-9999,-9999
GHCND:USC00060808,BRIDGEPORT SUCCESS HILL CT US,21.3,41.2004,-73.1569,20160623,0.00,0.0,0.0,-9999,87,57,65,-9999,-9999,4.9,-9999,-9999,-9999,-9999,-9999,-9999,-9999,-9999,-9999,-9999,-9999
GHCND:USC00060808,BRIDGEPORT SUCCESS HILL CT US,21.3,41.2004,-73.1569,20160624,0.00,0.0,0.0,-9999,79,61,65,-9999,-9999,-9999,-9999,-9999,-9999,-9999,-9999,-9999,-9999,-9999,-9999,-9999,-9999
GHCND:USC00060808,BRIDGEPORT SUCCESS HILL CT US,21.3,41.2004,-73.1569,20160625,0.00,0.0,0.0,-9999,81,58,64,-9999,-9999,-9999,-9999,-9999,-9999,-9999,-9999,-9999,-9999,-9999,-9999,-9999,-9999
GHCND:USC00060808,BRIDGEPORT SUCCESS HILL CT US,21.3,41.2004,-73.1569,20160626,0.00,0.0,0.0,-9999,81,59,65,-9999,-9999,-9999,-9999,-9999,-9999,-9999,-9999,-9999,-9999,-9999,-9999,-9999,-9999
GHCND:USC00060808,BRIDGEPORT SUCCESS HILL CT US,21.3,41.2004,-73.1569,20160627,0.00,0.0,0.0,-9999,83,61,65,-9999,-9999,-9999,-9999,-9999,-9999,-9999,-9999,-9999,-9999,-9999,-9999,-9999,-9999
GHCND:USC00060808,BRIDGEPORT SUCCESS HILL CT US,21.3,41.2004,-73.1569,20160628,0.12,0.0,0.0,-9999,81,65,69,-9999,-9999,-9999,-9999,-9999,-9999,-9999,-9999,-9999,-9999,-9999,-9999,-9999,-9999
GHCND:USC00060808,BRIDGEPORT SUCCESS HILL CT US,21.3,41.2004,-73.1569,20160629,0.08,0.0,0.0,-9999,72,68,69,-9999,-9999,-9999,-9999,-9999,-9999,-9999,-9999,-9999,-9999,-9999,-9999,-9999,-9999
GHCND:USC00060808,BRIDGEPORT SUCCESS HILL CT US,21.3,41.2004,-73.1569,20160630,0.00,0.0,0.0,-9999,86,65,66,-9999,-9999,-9999,-9999,-9999,-9999,-9999,-9999,-9999,-9999,-9999,-9999,-9999,-9999
GHCND:USC00060808,BRIDGEPORT SUCCESS HILL CT US,21.3,41.2004,-73.1569,20160701,0.00,0.0,0.0,-9999,84,63,71,-9999,-9999,-9999,-9999,-9999,-9999,-9999,-9999,-9999,-9999,-9999,-9999,-9999,-9999
GHCND:US1CTFR0023,SHELTON 1.3 W CT US,154.5,41.3053,-73.1635,20160501,0.00,0.0,0.0,-9999,-9999,-9999,-9999,0.0,0.0,-9999,-9999,-9999,-9999,-9999,-9999,-9999,-9999,-9999,-9999,-9999,-9999
GHCND:US1CTFR0023,SHELTON 1.3 W CT US,154.5,41.3053,-73.1635,20160502,0.28,0.0,0.0,-9999,-9999,-9999,-9999,0.0,0.0,-9999,-9999,-9999,-9999,-9999,-9999,-9999,-9999,-9999,-9999,-9999,-9999
GHCND:US1CTFR0023,SHELTON 1.3 W CT US,154.5,41.3053,-73.1635,20160503,0.52,0.0,0.0,-9999,-9999,-9999,-9999,0.0,0.0,-9999,-9999,-9999,-9999,-9999,-9999,-9999,-9999,-9999,-9999,-9999,-9999
GHCND:US1CTFR0023,SHELTON 1.3 W CT US,154.5,41.3053,-73.1635,20160504,0.18,0.0,0.0,-9999,-9999,-9999,-9999,0.0,0.0,-9999,-9999,-9999,-9999,-9999,-9999,-9999,-9999,-9999,-9999,-9999,-9999
GHCND:US1CTFR0023,SHELTON 1.3 W CT US,154.5,41.3053,-73.1635,20160505,0.06,0.0,0.0,-9999,-9999,-9999,-9999,0.0,0.0,-9999,-9999,-9999,-9999,-9999,-9999,-9999,-9999,-9999,-9999,-9999,-9999
GHCND:US1CTFR0023,SHELTON 1.3 W CT US,154.5,41.3053,-73.1635,20160506,0.28,0.0,0.0,-9999,-9999,-9999,-9999,0.0,0.0,-9999,-9999,-9999,-9999,-9999,-9999,-9999,-9999,-9999,-9999,-9999,-9999
GHCND:US1CTFR0023,SHELTON 1.3 W CT US,154.5,41.3053,-73.1635,20160507,0.37,0.0,0.0,-9999,-9999,-9999,-9999,0.0,0.0,-9999,-9999,-9999,-9999,-9999,-9999,-9999,-9999,-9999,-9999,-9999,-9999
GHCND:US1CTFR0023,SHELTON 1.3 W CT US,154.5,41.3053,-73.1635,20160508,0.15,0.0,0.0,-9999,-9999,-9999,-9999,0.0,0.0,-9999,-9999,-9999,-9999,-9999,-9999,-9999,-9999,-9999,-9999,-9999,-9999
GHCND:US1CTFR0023,SHELTON 1.3 W CT US,154.5,41.3053,-73.1635,20160509,0.05,0.0,0.0,-9999,-9999,-9999,-9999,0.0,0.0,-9999,-9999,-9999,-9999,-9999,-9999,-9999,-9999,-9999,-9999,-9999,-9999
GHCND:US1CTFR0023,SHELTON 1.3 W CT US,154.5,41.3053,-73.1635,20160510,0.00,0.0,0.0,-9999,-9999,-9999,-9999,0.0,0.0,-9999,-9999,-9999,-9999,-9999,-9999,-9999,-9999,-9999,-9999,-9999,-9999
GHCND:US1CTFR0023,SHELTON 1.3 W CT US,154.5,41.3053,-73.1635,20160511,0.00,0.0,0.0,-9999,-9999,-9999,-9999,0.0,0.0,-9999,-9999,-9999,-9999,-9999,-9999,-9999,-9999,-9999,-9999,-9999,-9999
GHCND:US1CTFR0023,SHELTON 1.3 W CT US,154.5,41.3053,-73.1635,20160512,0.00,0.0,0.0,-9999,-9999,-9999,-9999,0.0,0.0,-9999,-9999,-9999,-9999,-9999,-9999,-9999,-9999,-9999,-9999,-9999,-9999
GHCND:US1CTFR0023,SHELTON 1.3 W CT US,154.5,41.3053,-73.1635,20160513,0.00,0.0,0.0,-9999,-9999,-9999,-9999,0.0,0.0,-9999,-9999,-9999,-9999,-9999,-9999,-9999,-9999,-9999,-9999,-9999,-9999
GHCND:US1CTFR0023,SHELTON 1.3 W CT US,154.5,41.3053,-73.1635,20160514,0.33,0.0,0.0,-9999,-9999,-9999,-9999,0.0,0.0,-9999,-9999,-9999,-9999,-9999,-9999,-9999,-9999,-9999,-9999,-9999,-9999
GHCND:US1CTFR0023,SHELTON 1.3 W CT US,154.5,41.3053,-73.1635,20160515,0.01,0.0,0.0,-9999,-9999,-9999,-9999,0.0,0.0,-9999,-9999,-9999,-9999,-9999,-9999,-9999,-9999,-9999,-9999,-9999,-9999
GHCND:US1CTFR0023,SHELTON 1.3 W CT US,154.5,41.3053,-73.1635,20160516,0.00,0.0,0.0,-9999,-9999,-9999,-9999,0.0,0.0,-9999,-9999,-9999,-9999,-9999,-9999,-9999,-9999,-9999,-9999,-9999,-9999
GHCND:US1CTFR0023,SHELTON 1.3 W CT US,154.5,41.3053,-73.1635,20160517,0.00,0.0,0.0,-9999,-9999,-9999,-9999,0.0,0.0,-9999,-9999,-9999,-9999,-9999,-9999,-9999,-9999,-9999,-9999,-9999,-9999
GHCND:US1CTFR0023,SHELTON 1.3 W CT US,154.5,41.3053,-73.1635,20160518,0.00,0.0,0.0,-9999,-9999,-9999,-9999,0.0,0.0,-9999,-9999,-9999,-9999,-9999,-9999,-9999,-9999,-9999,-9999,-9999,-9999
GHCND:US1CTFR0023,SHELTON 1.3 W CT US,154.5,41.3053,-73.1635,20160519,0.00,0.0,0.0,-9999,-9999,-9999,-9999,0.0,0.0,-9999,-9999,-9999,-9999,-9999,-9999,-9999,-9999,-9999,-9999,-9999,-9999
GHCND:US1CTFR0023,SHELTON 1.3 W CT US,154.5,41.3053,-73.1635,20160520,0.00,0.0,0.0,-9999,-9999,-9999,-9999,0.0,0.0,-9999,-9999,-9999,-9999,-9999,-9999,-9999,-9999,-9999,-9999,-9999,-9999
GHCND:US1CTFR0023,SHELTON 1.3 W CT US,154.5,41.3053,-73.1635,20160521,0.00,0.0,0.0,-9999,-9999,-9999,-9999,0.0,0.0,-9999,-9999,-9999,-9999,-9999,-9999,-9999,-9999,-9999,-9999,-9999,-9999
GHCND:US1CTFR0023,SHELTON 1.3 W CT US,154.5,41.3053,-73.1635,20160522,0.06,0.0,0.0,-9999,-9999,-9999,-9999,0.0,0.0,-9999,-9999,-9999,-9999,-9999,-9999,-9999,-9999,-9999,-9999,-9999,-9999
GHCND:US1CTFR0023,SHELTON 1.3 W CT US,154.5,41.3053,-73.1635,20160523,0.00,0.0,0.0,-9999,-9999,-9999,-9999,0.0,0.0,-9999,-9999,-9999,-9999,-9999,-9999,-9999,-9999,-9999,-9999,-9999,-9999
GHCND:US1CTFR0023,SHELTON 1.3 W CT US,154.5,41.3053,-73.1635,20160524,0.54,0.0,0.0,-9999,-9999,-9999,-9999,0.0,0.0,-9999,-9999,-9999,-9999,-9999,-9999,-9999,-9999,-9999,-9999,-9999,-9999
GHCND:US1CTFR0023,SHELTON 1.3 W CT US,154.5,41.3053,-73.1635,20160525,0.12,0.0,0.0,-9999,-9999,-9999,-9999,0.0,0.0,-9999,-9999,-9999,-9999,-9999,-9999,-9999,-9999,-9999,-9999,-9999,-9999
GHCND:US1CTFR0023,SHELTON 1.3 W CT US,154.5,41.3053,-73.1635,20160526,0.00,-9999,0.0,-9999,-9999,-9999,-9999,-9999,-9999,-9999,-9999,-9999,-9999,-9999,-9999,-9999,-9999,-9999,-9999,-9999,-9999
GHCND:US1CTFR0023,SHELTON 1.3 W CT US,154.5,41.3053,-73.1635,20160527,0.00,-9999,0.0,-9999,-9999,-9999,-9999,-9999,-9999,-9999,-9999,-9999,-9999,-9999,-9999,-9999,-9999,-9999,-9999,-9999,-9999
GHCND:US1CTFR0023,SHELTON 1.3 W CT US,154.5,41.3053,-73.1635,20160528,0.00,-9999,0.0,-9999,-9999,-9999,-9999,-9999,-9999,-9999,-9999,-9999,-9999,-9999,-9999,-9999,-9999,-9999,-9999,-9999,-9999
GHCND:US1CTFR0023,SHELTON 1.3 W CT US,154.5,41.3053,-73.1635,20160529,0.00,-9999,0.0,-9999,-9999,-9999,-9999,-9999,-9999,-9999,-9999,-9999,-9999,-9999,-9999,-9999,-9999,-9999,-9999,-9999,-9999
GHCND:US1CTFR0023,SHELTON 1.3 W CT US,154.5,41.3053,-73.1635,20160530,2.25,0.0,0.0,-9999,-9999,-9999,-9999,0.0,0.0,-9999,-9999,-9999,-9999,-9999,-9999,-9999,-9999,-9999,-9999,-9999,-9999
GHCND:US1CTFR0023,SHELTON 1.3 W CT US,154.5,41.3053,-73.1635,20160531,0.02,0.0,0.0,-9999,-9999,-9999,-9999,0.0,0.0,-9999,-9999,-9999,-9999,-9999,-9999,-9999,-9999,-9999,-9999,-9999,-9999
GHCND:US1CTFR0023,SHELTON 1.3 W CT US,154.5,41.3053,-73.1635,20160601,0.00,0.0,0.0,-9999,-9999,-9999,-9999,0.0,0.0,-9999,-9999,-9999,-9999,-9999,-9999,-9999,-9999,-9999,-9999,-9999,-9999
GHCND:US1CTFR0023,SHELTON 1.3 W CT US,154.5,41.3053,-73.1635,20160602,0.00,0.0,0.0,-9999,-9999,-9999,-9999,0.0,0.0,-9999,-9999,-9999,-9999,-9999,-9999,-9999,-9999,-9999,-9999,-9999,-9999
GHCND:US1CTFR0023,SHELTON 1.3 W CT US,154.5,41.3053,-73.1635,20160603,0.08,0.0,0.0,-9999,-9999,-9999,-9999,0.0,0.0,-9999,-9999,-9999,-9999,-9999,-9999,-9999,-9999,-9999,-9999,-9999,-9999
GHCND:US1CTFR0023,SHELTON 1.3 W CT US,154.5,41.3053,-73.1635,20160604,0.03,0.0,0.0,-9999,-9999,-9999,-9999,0.0,0.0,-9999,-9999,-9999,-9999,-9999,-9999,-9999,-9999,-9999,-9999,-9999,-9999
GHCND:US1CTFR0023,SHELTON 1.3 W CT US,154.5,41.3053,-73.1635,20160605,0.03,0.0,0.0,-9999,-9999,-9999,-9999,0.0,0.0,-9999,-9999,-9999,-9999,-9999,-9999,-9999,-9999,-9999,-9999,-9999,-9999
GHCND:US1CTFR0023,SHELTON 1.3 W CT US,154.5,41.3053,-73.1635,20160606,0.80,0.0,0.0,-9999,-9999,-9999,-9999,0.0,0.0,-9999,-9999,-9999,-9999,-9999,-9999,-9999,-9999,-9999,-9999,-9999,-9999
GHCND:US1CTFR0023,SHELTON 1.3 W CT US,154.5,41.3053,-73.1635,20160607,0.00,0.0,0.0,-9999,-9999,-9999,-9999,0.0,0.0,-9999,-9999,-9999,-9999,-9999,-9999,-9999,-9999,-9999,-9999,-9999,-9999
GHCND:US1CTFR0023,SHELTON 1.3 W CT US,154.5,41.3053,-73.1635,20160608,0.00,0.0,0.0,-9999,-9999,-9999,-9999,0.0,0.0,-9999,-9999,-9999,-9999,-9999,-9999,-9999,-9999,-9999,-9999,-9999,-9999
GHCND:US1CTFR0023,SHELTON 1.3 W CT US,154.5,41.3053,-73.1635,20160609,0.10,0.0,0.0,-9999,-9999,-9999,-9999,0.0,0.0,-9999,-9999,-9999,-9999,-9999,-9999,-9999,-9999,-9999,-9999,-9999,-9999
GHCND:US1CTFR0023,SHELTON 1.3 W CT US,154.5,41.3053,-73.1635,20160610,0.00,0.0,0.0,-9999,-9999,-9999,-9999,0.0,0.0,-9999,-9999,-9999,-9999,-9999,-9999,-9999,-9999,-9999,-9999,-9999,-9999
GHCND:US1CTFR0023,SHELTON 1.3 W CT US,154.5,41.3053,-73.1635,20160611,0.00,0.0,0.0,-9999,-9999,-9999,-9999,0.0,0.0,-9999,-9999,-9999,-9999,-9999,-9999,-9999,-9999,-9999,-9999,-9999,-9999
GHCND:US1CTFR0023,SHELTON 1.3 W CT US,154.5,41.3053,-73.1635,20160612,0.09,0.0,0.0,-9999,-9999,-9999,-9999,0.0,0.0,-9999,-9999,-9999,-9999,-9999,-9999,-9999,-9999,-9999,-9999,-9999,-9999
GHCND:US1CTFR0023,SHELTON 1.3 W CT US,154.5,41.3053,-73.1635,20160613,0.00,0.0,0.0,-9999,-9999,-9999,-9999,0.0,0.0,-9999,-9999,-9999,-9999,-9999,-9999,-9999,-9999,-9999,-9999,-9999,-9999
GHCND:US1CTFR0023,SHELTON 1.3 W CT US,154.5,41.3053,-73.1635,20160614,0.00,0.0,0.0,-9999,-9999,-9999,-9999,0.0,0.0,-9999,-9999,-9999,-9999,-9999,-9999,-9999,-9999,-9999,-9999,-9999,-9999
GHCND:US1CTFR0023,SHELTON 1.3 W CT US,154.5,41.3053,-73.1635,20160615,0.00,0.0,0.0,-9999,-9999,-9999,-9999,0.0,0.0,-9999,-9999,-9999,-9999,-9999,-9999,-9999,-9999,-9999,-9999,-9999,-9999
GHCND:US1CTFR0023,SHELTON 1.3 W CT US,154.5,41.3053,-73.1635,20160616,0.00,0.0,0.0,-9999,-9999,-9999,-9999,0.0,0.0,-9999,-9999,-9999,-9999,-9999,-9999,-9999,-9999,-9999,-9999,-9999,-9999
GHCND:US1CTFR0023,SHELTON 1.3 W CT US,154.5,41.3053,-73.1635,20160617,0.00,0.0,0.0,-9999,-9999,-9999,-9999,0.0,0.0,-9999,-9999,-9999,-9999,-9999,-9999,-9999,-9999,-9999,-9999,-9999,-9999
GHCND:US1CTFR0023,SHELTON 1.3 W CT US,154.5,41.3053,-73.1635,20160618,0.00,0.0,0.0,-9999,-9999,-9999,-9999,0.0,0.0,-9999,-9999,-9999,-9999,-9999,-9999,-9999,-9999,-9999,-9999,-9999,-9999
GHCND:US1CTFR0023,SHELTON 1.3 W CT US,154.5,41.3053,-73.1635,20160619,0.00,0.0,0.0,-9999,-9999,-9999,-9999,0.0,0.0,-9999,-9999,-9999,-9999,-9999,-9999,-9999,-9999,-9999,-9999,-9999,-9999
GHCND:US1CTFR0023,SHELTON 1.3 W CT US,154.5,41.3053,-73.1635,20160620,0.00,0.0,0.0,-9999,-9999,-9999,-9999,0.0,0.0,-9999,-9999,-9999,-9999,-9999,-9999,-9999,-9999,-9999,-9999,-9999,-9999
GHCND:US1CTFR0023,SHELTON 1.3 W CT US,154.5,41.3053,-73.1635,20160621,0.00,0.0,0.0,-9999,-9999,-9999,-9999,0.0,0.0,-9999,-9999,-9999,-9999,-9999,-9999,-9999,-9999,-9999,-9999,-9999,-9999
GHCND:US1CTFR0023,SHELTON 1.3 W CT US,154.5,41.3053,-73.1635,20160622,0.00,0.0,0.0,-9999,-9999,-9999,-9999,0.0,0.0,-9999,-9999,-9999,-9999,-9999,-9999,-9999,-9999,-9999,-9999,-9999,-9999
GHCND:US1CTFR0023,SHELTON 1.3 W CT US,154.5,41.3053,-73.1635,20160623,0.00,0.0,0.0,-9999,-9999,-9999,-9999,0.0,0.0,-9999,-9999,-9999,-9999,-9999,-9999,-9999,-9999,-9999,-9999,-9999,-9999
GHCND:US1CTFR0023,SHELTON 1.3 W CT US,154.5,41.3053,-73.1635,20160624,0.00,0.0,0.0,-9999,-9999,-9999,-9999,0.0,0.0,-9999,-9999,-9999,-9999,-9999,-9999,-9999,-9999,-9999,-9999,-9999,-9999
GHCND:US1CTFR0023,SHELTON 1.3 W CT US,154.5,41.3053,-73.1635,20160625,0.00,0.0,0.0,-9999,-9999,-9999,-9999,0.0,0.0,-9999,-9999,-9999,-9999,-9999,-9999,-9999,-9999,-9999,-9999,-9999,-9999
GHCND:US1CTFR0023,SHELTON 1.3 W CT US,154.5,41.3053,-73.1635,20160626,0.00,-9999,0.0,-9999,-9999,-9999,-9999,-9999,-9999,-9999,-9999,-9999,-9999,-9999,-9999,-9999,-9999,-9999,-9999,-9999,-9999
GHCND:US1CTFR0023,SHELTON 1.3 W CT US,154.5,41.3053,-73.1635,20160627,0.00,0.0,0.0,-9999,-9999,-9999,-9999,0.0,0.0,-9999,-9999,-9999,-9999,-9999,-9999,-9999,-9999,-9999,-9999,-9999,-9999
GHCND:US1CTFR0023,SHELTON 1.3 W CT US,154.5,41.3053,-73.1635,20160628,0.09,0.0,0.0,-9999,-9999,-9999,-9999,0.0,0.0,-9999,-9999,-9999,-9999,-9999,-9999,-9999,-9999,-9999,-9999,-9999,-9999
GHCND:US1CTFR0023,SHELTON 1.3 W CT US,154.5,41.3053,-73.1635,20160629,0.13,0.0,0.0,-9999,-9999,-9999,-9999,0.0,0.0,-9999,-9999,-9999,-9999,-9999,-9999,-9999,-9999,-9999,-9999,-9999,-9999
GHCND:US1CTFR0023,SHELTON 1.3 W CT US,154.5,41.3053,-73.1635,20160630,0.00,0.0,0.0,-9999,-9999,-9999,-9999,0.0,0.0,-9999,-9999,-9999,-9999,-9999,-9999,-9999,-9999,-9999,-9999,-9999,-9999
GHCND:US1CTFR0023,SHELTON 1.3 W CT US,154.5,41.3053,-73.1635,20160701,0.00,0.0,0.0,-9999,-9999,-9999,-9999,0.0,0.0,-9999,-9999,-9999,-9999,-9999,-9999,-9999,-9999,-9999,-9999,-9999,-9999
GHCND:USW00054788,MERIDEN MARKHAM MUNICIPAL AIRPORT CT US,31.4,41.50972,-72.82778,20160501,0.05,-9999,-9999,-9999,50,43,-9999,-9999,-9999,3.6,120,130,13.0,18.1,1215,-9999,-9999,-9999,-9999,-9999,-9999
GHCND:USW00054788,MERIDEN MARKHAM MUNICIPAL AIRPORT CT US,31.4,41.50972,-72.82778,20160502,0.08,-9999,-9999,-9999,57,43,-9999,-9999,-9999,3.6,300,310,16.1,19.9,1008,-9999,-9999,-9999,-9999,-9999,-9999
GHCND:USW00054788,MERIDEN MARKHAM MUNICIPAL AIRPORT CT US,31.4,41.50972,-72.82778,20160503,0.30,-9999,-9999,-9999,54,49,-9999,-9999,-9999,2.0,10,360,8.9,11.0,1550,-9999,-9999,-9999,-9999,-9999,-9999
GHCND:USW00054788,MERIDEN MARKHAM MUNICIPAL AIRPORT CT US,31.4,41.50972,-72.82778,20160504,0.05,-9999,-9999,-9999,53,46,-9999,-9999,-9999,6.3,50,50,14.1,21.0,1806,-9999,-9999,-9999,-9999,-9999,-9999
GHCND:USW00054788,MERIDEN MARKHAM MUNICIPAL AIRPORT CT US,31.4,41.50972,-72.82778,20160505,0.00,-9999,-9999,-9999,54,46,-9999,-9999,-9999,11.4,30,30,17.0,27.1,1400,-9999,-9999,-9999,-9999,-9999,-9999
GHCND:USW00054788,MERIDEN MARKHAM MUNICIPAL AIRPORT CT US,31.4,41.50972,-72.82778,20160506,0.28,-9999,-9999,-9999,63,48,-9999,-9999,-9999,6.0,50,30,15.0,19.9,942,-9999,-9999,-9999,-9999,-9999,-9999
GHCND:USW00054788,MERIDEN MARKHAM MUNICIPAL AIRPORT CT US,31.4,41.50972,-72.82778,20160507,0.01,-9999,-9999,-9999,56,48,-9999,-9999,-9999,5.1,360,10,13.0,18.1,833,-9999,-9999,-9999,-9999,-9999,-9999
GHCND:USW00054788,MERIDEN MARKHAM MUNICIPAL AIRPORT CT US,31.4,41.50972,-72.82778,20160508,0.07,-9999,-9999,-9999,66,39,-9999,-9999,-9999,8.3,320,310,25.1,35.1,1452,-9999,-9999,-9999,-9999,-9999,-9999
GHCND:USW00054788,MERIDEN MARKHAM MUNICIPAL AIRPORT CT US,31.4,41.50972,-72.82778,20160509,0.00,-9999,-9999,-9999,73,36,-9999,-9999,-9999,7.6,280,290,21.9,32.0,1534,-9999,-9999,-9999,-9999,-9999,-9999
GHCND:USW00054788,MERIDEN MARKHAM MUNICIPAL AIRPORT CT US,31.4,41.50972,-72.82778,20160510,0.00,-9999,-9999,-9999,71,34,-9999,-9999,-9999,3.6,250,240,14.1,21.0,1453,-9999,-9999,-9999,-9999,-9999,-9999
GHCND:USW00054788,MERIDEN MARKHAM MUNICIPAL AIRPORT CT US,31.4,41.50972,-72.82778,20160511,0.00,-9999,-9999,-9999,78,39,-9999,-9999,-9999,3.1,180,160,16.1,21.0,1416,-9999,-9999,-9999,-9999,-9999,-9999
GHCND:USW00054788,MERIDEN MARKHAM MUNICIPAL AIRPORT CT US,31.4,41.50972,-72.82778,20160512,0.00,-9999,-9999,-9999,80,43,-9999,-9999,-9999,4.7,180,220,14.1,18.1,1313,-9999,-9999,-9999,-9999,-9999,-9999
GHCND:USW00054788,MERIDEN MARKHAM MUNICIPAL AIRPORT CT US,31.4,41.50972,-72.82778,20160513,0.16,-9999,-9999,-9999,71,49,-9999,-9999,-9999,4.3,180,180,16.1,23.0,1418,-9999,-9999,-9999,-9999,-9999,-9999
GHCND:USW00054788,MERIDEN MARKHAM MUNICIPAL AIRPORT CT US,31.4,41.50972,-72.82778,20160514,0.03,-9999,-9999,-9999,76,49,-9999,-9999,-9999,6.0,190,170,21.0,28.0,1544,-9999,-9999,-9999,-9999,-9999,-9999
GHCND:USW00054788,MERIDEN MARKHAM MUNICIPAL AIRPORT CT US,31.4,41.50972,-72.82778,20160515,0.00,-9999,-9999,-9999,59,45,-9999,-9999,-9999,11.2,320,330,21.0,32.0,1719,-9999,-9999,-9999,-9999,-9999,-9999
GHCND:USW00054788,MERIDEN MARKHAM MUNICIPAL AIRPORT CT US,31.4,41.50972,-72.82778,20160516,0.00,-9999,-9999,-9999,66,41,-9999,-9999,-9999,8.7,320,330,25.9,36.9,1548,-9999,-9999,-9999,-9999,-9999,-9999
GHCND:USW00054788,MERIDEN MARKHAM MUNICIPAL AIRPORT CT US,31.4,41.50972,-72.82778,20160517,0.00,-9999,-9999,-9999,73,39,-9999,-9999,-9999,4.7,190,230,17.0,25.1,1113,-9999,-9999,-9999,-9999,-9999,-9999
GHCND:USW00054788,MERIDEN MARKHAM MUNICIPAL AIRPORT CT US,31.4,41.50972,-72.82778,20160518,0.00,-9999,-9999,-9999,71,44,-9999,-9999,-9999,4.9,180,180,15.0,19.0,1618,-9999,-9999,-9999,-9999,-9999,-9999
GHCND:USW00054788,MERIDEN MARKHAM MUNICIPAL AIRPORT CT US,31.4,41.50972,-72.82778,20160519,0.00,-9999,-9999,-9999,71,50,-9999,-9999,-9999,3.8,170,160,13.0,18.1,1626,-9999,-9999,-9999,-9999,-9999,-9999
GHCND:USW00054788,MERIDEN MARKHAM MUNICIPAL AIRPORT CT US,31.4,41.50972,-72.82778,20160520,0.00,-9999,-9999,-9999,76,42,-9999,-9999,-9999,3.6,180,180,15.0,19.9,1538,-9999,-9999,-9999,-9999,-9999,-9999
GHCND:USW00054788,MERIDEN MARKHAM MUNICIPAL AIRPORT CT US,31.4,41.50972,-72.82778,20160521,0.00,-9999,-9999,-9999,69,46,-9999,-9999,-9999,3.4,180,170,15.0,19.0,1321,-9999,-9999,-9999,-9999,-9999,-9999
GHCND:USW00054788,MERIDEN MARKHAM MUNICIPAL AIRPORT CT US,31.4,41.50972,-72.82778,20160522,0.04,-9999,-9999,-9999,75,53,-9999,-9999,-9999,3.1,40,50,14.1,21.0,1346,-9999,-9999,-9999,-9999,-9999,-9999
GHCND:USW00054788,MERIDEN MARKHAM MUNICIPAL AIRPORT CT US,31.4,41.50972,-72.82778,20160523,0.03,-9999,-9999,-9999,82,47,-9999,-9999,-9999,4.0,180,170,15.0,19.9,1505,-9999,-9999,-9999,-9999,-9999,-9999
GHCND:USW00054788,MERIDEN MARKHAM MUNICIPAL AIRPORT CT US,31.4,41.50972,-72.82778,20160524,0.73,-9999,-9999,-9999,68,54,-9999,-9999,-9999,3.8,350,350,14.1,18.1,904,-9999,-9999,-9999,-9999,-9999,-9999
GHCND:USW00054788,MERIDEN MARKHAM MUNICIPAL AIRPORT CT US,31.4,41.50972,-72.82778,20160525,0.00,-9999,-9999,-9999,88,51,-9999,-9999,-9999,2.9,300,240,14.1,19.9,1330,-9999,-9999,-9999,-9999,-9999,-9999
GHCND:USW00054788,MERIDEN MARKHAM MUNICIPAL AIRPORT CT US,31.4,41.50972,-72.82778,20160526,0.00,-9999,-9999,-9999,88,58,-9999,-9999,-9999,3.4,180,170,13.0,19.0,1606,-9999,-9999,-9999,-9999,-9999,-9999
GHCND:USW00054788,MERIDEN MARKHAM MUNICIPAL AIRPORT CT US,31.4,41.50972,-72.82778,20160527,0.00,-9999,-9999,-9999,87,59,-9999,-9999,-9999,5.6,170,170,17.0,21.9,1440,-9999,-9999,-9999,-9999,-9999,-9999
GHCND:USW00054788,MERIDEN MARKHAM MUNICIPAL AIRPORT CT US,31.4,41.50972,-72.82778,20160528,0.00,-9999,-9999,-9999,90,64,-9999,-9999,-9999,6.0,180,180,17.0,23.0,1434,-9999,-9999,-9999,-9999,-9999,-9999
GHCND:USW00054788,MERIDEN MARKHAM MUNICIPAL AIRPORT CT US,31.4,41.50972,-72.82778,20160529,0.00,-9999,-9999,-9999,87,65,-9999,-9999,-9999,6.9,170,170,17.0,21.0,1437,-9999,-9999,-9999,-9999,-9999,-9999
GHCND:USW00054788,MERIDEN MARKHAM MUNICIPAL AIRPORT CT US,31.4,41.50972,-72.82778,20160530,0.78,-9999,-9999,-9999,80,68,-9999,-9999,-9999,4.9,170,190,15.0,19.9,1743,-9999,-9999,-9999,-9999,-9999,-9999
GHCND:USW00054788,MERIDEN MARKHAM MUNICIPAL AIRPORT CT US,31.4,41.50972,-72.82778,20160531,0.00,-9999,-9999,-9999,87,64,-9999,-9999,-9999,3.8,190,310,13.0,18.1,1424,-9999,-9999,-9999,-9999,-9999,-9999
GHCND:USW00054788,MERIDEN MARKHAM MUNICIPAL AIRPORT CT US,31.4,41.50972,-72.82778,20160601,0.00,-9999,-9999,-9999,85,58,-9999,-9999,-9999,4.5,180,200,16.1,21.0,1504,-9999,-9999,-9999,-9999,-9999,-9999
GHCND:USW00054788,MERIDEN MARKHAM MUNICIPAL AIRPORT CT US,31.4,41.50972,-72.82778,20160602,0.00,-9999,-9999,-9999,78,58,-9999,-9999,-9999,4.9,190,190,15.0,19.0,1312,-9999,-9999,-9999,-9999,-9999,-9999
GHCND:USW00054788,MERIDEN MARKHAM MUNICIPAL AIRPORT CT US,31.4,41.50972,-72.82778,20160603,0.03,-9999,-9999,-9999,70,61,-9999,-9999,-9999,3.8,170,170,12.1,14.1,1821,-9999,-9999,-9999,-9999,-9999,-9999
GHCND:USW00054788,MERIDEN MARKHAM MUNICIPAL AIRPORT CT US,31.4,41.50972,-72.82778,20160604,0.01,-9999,-9999,-9999,86,64,-9999,-9999,-9999,3.8,170,180,12.1,17.0,2040,-9999,-9999,-9999,-9999,-9999,-9999
GHCND:USW00054788,MERIDEN MARKHAM MUNICIPAL AIRPORT CT US,31.4,41.50972,-72.82778,20160605,0.96,-9999,-9999,-9999,69,65,-9999,-9999,-9999,5.1,230,160,13.0,19.0,1320,-9999,-9999,-9999,-9999,-9999,-9999
GHCND:USW00054788,MERIDEN MARKHAM MUNICIPAL AIRPORT CT US,31.4,41.50972,-72.82778,20160606,0.00,-9999,-9999,-9999,84,64,-9999,-9999,-9999,6.0,300,300,17.0,23.9,910,-9999,-9999,-9999,-9999,-9999,-9999
GHCND:USW00054788,MERIDEN MARKHAM MUNICIPAL AIRPORT CT US,31.4,41.50972,-72.82778,20160607,0.00,-9999,-9999,-9999,85,63,-9999,-9999,-9999,5.8,300,300,18.1,25.1,1837,-9999,-9999,-9999,-9999,-9999,-9999
GHCND:USW00054788,MERIDEN MARKHAM MUNICIPAL AIRPORT CT US,31.4,41.50972,-72.82778,20160608,0.01,-9999,-9999,-9999,71,57,-9999,-9999,-9999,8.1,320,330,23.0,33.1,1820,-9999,-9999,-9999,-9999,-9999,-9999
GHCND:USW00054788,MERIDEN MARKHAM MUNICIPAL AIRPORT CT US,31.4,41.50972,-72.82778,20160609,0.00,-9999,-9999,-9999,73,48,-9999,-9999,-9999,9.6,310,280,23.9,33.1,1610,-9999,-9999,-9999,-9999,-9999,-9999
GHCND:USW00054788,MERIDEN MARKHAM MUNICIPAL AIRPORT CT US,31.4,41.50972,-72.82778,20160610,0.00,-9999,-9999,-9999,77,43,-9999,-9999,-9999,6.7,320,350,19.9,27.1,1032,-9999,-9999,-9999,-9999,-9999,-9999
GHCND:USW00054788,MERIDEN MARKHAM MUNICIPAL AIRPORT CT US,31.4,41.50972,-72.82778,20160611,0.23,-9999,-9999,-9999,74,44,-9999,-9999,-9999,1.8,180,190,13.0,15.0,914,-9999,-9999,-9999,-9999,-9999,-9999
GHCND:USW00054788,MERIDEN MARKHAM MUNICIPAL AIRPORT CT US,31.4,41.50972,-72.82778,20160612,0.00,-9999,-9999,-9999,81,58,-9999,-9999,-9999,12.1,310,320,30.0,48.1,1759,-9999,-9999,-9999,-9999,-9999,-9999
GHCND:USW00054788,MERIDEN MARKHAM MUNICIPAL AIRPORT CT US,31.4,41.50972,-72.82778,20160613,0.00,-9999,-9999,-9999,75,55,-9999,-9999,-9999,13.6,320,330,23.9,32.0,945,-9999,-9999,-9999,-9999,-9999,-9999
GHCND:USW00054788,MERIDEN MARKHAM MUNICIPAL AIRPORT CT US,31.4,41.50972,-72.82778,20160614,0.00,-9999,-9999,-9999,80,54,-9999,-9999,-9999,8.1,320,330,19.9,25.1,1028,-9999,-9999,-9999,-9999,-9999,-9999
GHCND:USW00054788,MERIDEN MARKHAM MUNICIPAL AIRPORT CT US,31.4,41.50972,-72.82778,20160615,0.00,-9999,-9999,-9999,86,51,-9999,-9999,-9999,3.6,300,320,14.1,19.0,1420,-9999,-9999,-9999,-9999,-9999,-9999
GHCND:USW00054788,MERIDEN MARKHAM MUNICIPAL AIRPORT CT US,31.4,41.50972,-72.82778,20160616,0.01,-9999,-9999,-9999,84,62,-9999,-9999,-9999,2.5,170,170,14.1,16.1,1618,-9999,-9999,-9999,-9999,-9999,-9999
GHCND:USW00054788,MERIDEN MARKHAM MUNICIPAL AIRPORT CT US,31.4,41.50972,-72.82778,20160617,0.00,-9999,-9999,-9999,80,54,-9999,-9999,-9999,4.3,180,160,13.0,16.1,1657,-9999,-9999,-9999,-9999,-9999,-9999
GHCND:USW00054788,MERIDEN MARKHAM MUNICIPAL AIRPORT CT US,31.4,41.50972,-72.82778,20160618,0.00,-9999,-9999,-9999,89,50,-9999,-9999,-9999,2.9,140,160,15.0,21.9,1608,-9999,-9999,-9999,-9999,-9999,-9999
GHCND:USW00054788,MERIDEN MARKHAM MUNICIPAL AIRPORT CT US,31.4,41.50972,-72.82778,20160619,0.00,-9999,-9999,-9999,81,53,-9999,-9999,-9999,4.9,180,180,16.1,19.9,1643,-9999,-9999,-9999,-9999,-9999,-9999
GHCND:USW00054788,MERIDEN MARKHAM MUNICIPAL AIRPORT CT US,31.4,41.50972,-72.82778,20160620,0.00,-9999,-9999,-9999,83,59,-9999,-9999,-9999,6.5,190,170,16.1,21.9,1409,-9999,-9999,-9999,-9999,-9999,-9999
GHCND:USW00054788,MERIDEN MARKHAM MUNICIPAL AIRPORT CT US,31.4,41.50972,-72.82778,20160621,0.00,-9999,-9999,-9999,88,61,-9999,-9999,-9999,5.1,270,240,15.0,21.9,1204,-9999,-9999,-9999,-9999,-9999,-9999
GHCND:USW00054788,MERIDEN MARKHAM MUNICIPAL AIRPORT CT US,31.4,41.50972,-72.82778,20160622,0.00,-9999,-9999,-9999,85,55,-9999,-9999,-9999,4.3,320,350,19.9,27.1,1341,-9999,-9999,-9999,-9999,-9999,-9999
GHCND:USW00054788,MERIDEN MARKHAM MUNICIPAL AIRPORT CT US,31.4,41.50972,-72.82778,20160623,0.00,-9999,-9999,-9999,84,54,-9999,-9999,-9999,2.2,180,200,8.9,12.1,1444,-9999,-9999,-9999,-9999,-9999,-9999
GHCND:USW00054788,MERIDEN MARKHAM MUNICIPAL AIRPORT CT US,31.4,41.50972,-72.82778,20160624,0.00,-9999,-9999,-9999,86,57,-9999,-9999,-9999,4.9,190,170,16.1,19.9,1552,-9999,-9999,-9999,-9999,-9999,-9999
GHCND:USW00054788,MERIDEN MARKHAM MUNICIPAL AIRPORT CT US,31.4,41.50972,-72.82778,20160625,0.00,-9999,-9999,-9999,86,55,-9999,-9999,-9999,3.1,170,170,14.1,19.0,1437,-9999,-9999,-9999,-9999,-9999,-9999
GHCND:USW00054788,MERIDEN MARKHAM MUNICIPAL AIRPORT CT US,31.4,41.50972,-72.82778,20160626,0.00,-9999,-9999,-9999,85,55,-9999,-9999,-9999,5.8,190,170,17.0,21.0,1425,-9999,-9999,-9999,-9999,-9999,-9999
GHCND:USW00054788,MERIDEN MARKHAM MUNICIPAL AIRPORT CT US,31.4,41.50972,-72.82778,20160627,0.00,-9999,-9999,-9999,83,58,-9999,-9999,-9999,8.5,180,190,19.9,25.9,1457,-9999,-9999,-9999,-9999,-9999,-9999
GHCND:USW00054788,MERIDEN MARKHAM MUNICIPAL AIRPORT CT US,31.4,41.50972,-72.82778,20160628,0.15,-9999,-9999,-9999,75,69,-9999,-9999,-9999,6.9,170,170,14.1,18.1,934,-9999,-9999,-9999,-9999,-9999,-9999
GHCND:USW00054788,MERIDEN MARKHAM MUNICIPAL AIRPORT CT US,31.4,41.50972,-72.82778,20160629,0.00,-9999,-9999,-9999,87,65,-9999,-9999,-9999,3.4,320,320,13.0,16.1,1339,-9999,-9999,-9999,-9999,-9999,-9999
GHCND:USW00054788,MERIDEN MARKHAM MUNICIPAL AIRPORT CT US,31.4,41.50972,-72.82778,20160630,0.00,-9999,-9999,-9999,87,62,-9999,-9999,-9999,3.6,350,340,12.1,15.0,744,-9999,-9999,-9999,-9999,-9999,-9999
GHCND:USW00054788,MERIDEN MARKHAM MUNICIPAL AIRPORT CT US,31.4,41.50972,-72.82778,20160701,0.68,-9999,-9999,-9999,82,61,-9999,-9999,-9999,5.8,170,150,17.0,27.1,1439,-9999,-9999,-9999,-9999,-9999,-9999
